API_Link,Repo_Link
https://api.github.com/repos/artcg/BEGAN,https://github.com/artcg/BEGAN
https://api.github.com/repos/jrosebr1/bat-country,https://github.com/jrosebr1/bat-country
https://api.github.com/repos/pender/chatbot-rnn,https://github.com/pender/chatbot-rnn
https://api.github.com/repos/nicholastoddsmith/poeai,https://github.com/nicholastoddsmith/poeai
https://api.github.com/repos/minerva-ml/open-solution-data-science-bowl-2018,https://github.com/minerva-ml/open-solution-data-science-bowl-2018
https://api.github.com/repos/harvitronix/neural-network-genetic-algorithm,https://github.com/harvitronix/neural-network-genetic-algorithm
https://api.github.com/repos/maiminh1996/YOLOv3-tensorflow,https://github.com/maiminh1996/YOLOv3-tensorflow
https://api.github.com/repos/tomgoldstein/loss-landscape,https://github.com/tomgoldstein/loss-landscape
https://api.github.com/repos/u39kun/deep-learning-benchmark,https://github.com/u39kun/deep-learning-benchmark
https://api.github.com/repos/iamaaditya/image-compression-cnn,https://github.com/iamaaditya/image-compression-cnn
https://api.github.com/repos/dyelax/encore.ai,https://github.com/dyelax/encore.ai
https://api.github.com/repos/LouisScorpio/datamining,https://github.com/LouisScorpio/datamining
https://api.github.com/repos/hwwang55/GraphGAN,https://github.com/hwwang55/GraphGAN
https://api.github.com/repos/skorch-dev/skorch,https://github.com/skorch-dev/skorch
https://api.github.com/repos/Timthony/self_drive,https://github.com/Timthony/self_drive
https://api.github.com/repos/deepmind/scalable_agent,https://github.com/deepmind/scalable_agent
https://api.github.com/repos/OlavHN/attention-over-attention,https://github.com/OlavHN/attention-over-attention
https://api.github.com/repos/wnzhang/deep-ctr,https://github.com/wnzhang/deep-ctr
https://api.github.com/repos/Atomu2014/product-nets,https://github.com/Atomu2014/product-nets
https://api.github.com/repos/luispedro/milk,https://github.com/luispedro/milk
https://api.github.com/repos/NLPLearn/R-net,https://github.com/NLPLearn/R-net
https://api.github.com/repos/Grzego/handwriting-generation,https://github.com/Grzego/handwriting-generation
https://api.github.com/repos/hirofumi0810/tensorflow_end2end_speech_recognition,https://github.com/hirofumi0810/tensorflow_end2end_speech_recognition
https://api.github.com/repos/marvis/pytorch-caffe-darknet-convert,https://github.com/marvis/pytorch-caffe-darknet-convert
https://api.github.com/repos/dyelax/Adversarial_Video_Generation,https://github.com/dyelax/Adversarial_Video_Generation
https://api.github.com/repos/sony/nnabla,https://github.com/sony/nnabla
https://api.github.com/repos/basveeling/pcam,https://github.com/basveeling/pcam
https://api.github.com/repos/overlap-ai/words2map,https://github.com/overlap-ai/words2map
https://api.github.com/repos/takiyu/hyperface,https://github.com/takiyu/hyperface
https://api.github.com/repos/bojone/seq2seq,https://github.com/bojone/seq2seq
https://api.github.com/repos/r9y9/deepvoice3_pytorch,https://github.com/r9y9/deepvoice3_pytorch
https://api.github.com/repos/uci-cbcl/D-GEX,https://github.com/uci-cbcl/D-GEX
https://api.github.com/repos/anttttti/Wordbatch,https://github.com/anttttti/Wordbatch
https://api.github.com/repos/anymail/django-anymail,https://github.com/anymail/django-anymail
https://api.github.com/repos/PavlosMelissinos/enet-keras,https://github.com/PavlosMelissinos/enet-keras
https://api.github.com/repos/tostq/Caffe-Python-Tutorial,https://github.com/tostq/Caffe-Python-Tutorial
https://api.github.com/repos/ofirnachum/sequence_gan,https://github.com/ofirnachum/sequence_gan
https://api.github.com/repos/farizrahman4u/qlearning4k,https://github.com/farizrahman4u/qlearning4k
https://api.github.com/repos/gaussic/text-classification-cnn-rnn,https://github.com/gaussic/text-classification-cnn-rnn
https://api.github.com/repos/treigerm/WaterNet,https://github.com/treigerm/WaterNet
https://api.github.com/repos/leido/char-rnn-cn,https://github.com/leido/char-rnn-cn
https://api.github.com/repos/mike-bowles/hdDeepLearningStudy,https://github.com/mike-bowles/hdDeepLearningStudy
https://api.github.com/repos/nsoojin/coursera-ml-py,https://github.com/nsoojin/coursera-ml-py
https://api.github.com/repos/TarrySingh/Artificial-Intelligence-Deep-Learning-Machine-Learning-Tutorials,https://github.com/TarrySingh/Artificial-Intelligence-Deep-Learning-Machine-Learning-Tutorials
https://api.github.com/repos/Bihaqo/t3f,https://github.com/Bihaqo/t3f
https://api.github.com/repos/keon/deepstock,https://github.com/keon/deepstock
https://api.github.com/repos/jisaacso/DeepHeart,https://github.com/jisaacso/DeepHeart
https://api.github.com/repos/randaller/cnn-rtlsdr,https://github.com/randaller/cnn-rtlsdr
https://api.github.com/repos/hzy46/Deep-Learning-21-Examples,https://github.com/hzy46/Deep-Learning-21-Examples
https://api.github.com/repos/sthomp/tensorflow_transfer_cifar10,https://github.com/sthomp/tensorflow_transfer_cifar10
https://api.github.com/repos/FraPochetti/StocksProject,https://github.com/FraPochetti/StocksProject
https://api.github.com/repos/dmarnerides/pydlt,https://github.com/dmarnerides/pydlt
https://api.github.com/repos/deeperic/SpikeFlow,https://github.com/deeperic/SpikeFlow
https://api.github.com/repos/ruiminshen/yolo-tf,https://github.com/ruiminshen/yolo-tf
https://api.github.com/repos/AITTSMD/MTCNN-Tensorflow,https://github.com/AITTSMD/MTCNN-Tensorflow
https://api.github.com/repos/stonycat/ML-in-Action-Code-and-Note,https://github.com/stonycat/ML-in-Action-Code-and-Note
https://api.github.com/repos/carpedm20/visual-analogy-tensorflow,https://github.com/carpedm20/visual-analogy-tensorflow
https://api.github.com/repos/anujshah1003/own_data_cnn_implementation_keras,https://github.com/anujshah1003/own_data_cnn_implementation_keras
https://api.github.com/repos/lensacom/sparkit-learn,https://github.com/lensacom/sparkit-learn
https://api.github.com/repos/hycis/Mozi,https://github.com/hycis/Mozi
https://api.github.com/repos/PySimpleGUI/PySimpleGUI,https://github.com/PySimpleGUI/PySimpleGUI
https://api.github.com/repos/evancasey/spark-knn-recommender,https://github.com/evancasey/spark-knn-recommender
https://api.github.com/repos/sjvasquez/instacart-basket-prediction,https://github.com/sjvasquez/instacart-basket-prediction
https://api.github.com/repos/jorditorresBCN/FirstContactWithTensorFlow,https://github.com/jorditorresBCN/FirstContactWithTensorFlow
https://api.github.com/repos/josejimenezluna/nnet-ts,https://github.com/josejimenezluna/nnet-ts
https://api.github.com/repos/Azure/ImageSimilarityUsingCntk,https://github.com/Azure/ImageSimilarityUsingCntk
https://api.github.com/repos/JunshengFu/vehicle-detection,https://github.com/JunshengFu/vehicle-detection
https://api.github.com/repos/bhansconnect/alpha_zero_othello,https://github.com/bhansconnect/alpha_zero_othello
https://api.github.com/repos/RaphaelMeudec/deblur-gan,https://github.com/RaphaelMeudec/deblur-gan
https://api.github.com/repos/dvornikita/blitznet,https://github.com/dvornikita/blitznet
https://api.github.com/repos/albermax/innvestigate,https://github.com/albermax/innvestigate
https://api.github.com/repos/Conchylicultor/DeepQA,https://github.com/Conchylicultor/DeepQA
https://api.github.com/repos/kvh/ramp,https://github.com/kvh/ramp
https://api.github.com/repos/thu-ml/zhusuan,https://github.com/thu-ml/zhusuan
https://api.github.com/repos/amueller/scipy_2015_sklearn_tutorial,https://github.com/amueller/scipy_2015_sklearn_tutorial
https://api.github.com/repos/MajorTal/DeepSpell,https://github.com/MajorTal/DeepSpell
https://api.github.com/repos/hzy46/fast-neural-style-tensorflow,https://github.com/hzy46/fast-neural-style-tensorflow
https://api.github.com/repos/astorfi/3D-convolutional-speaker-recognition,https://github.com/astorfi/3D-convolutional-speaker-recognition
https://api.github.com/repos/chainer/chainer-chemistry,https://github.com/chainer/chainer-chemistry
https://api.github.com/repos/miloharper/simple-neural-network,https://github.com/miloharper/simple-neural-network
https://api.github.com/repos/keras-team/keras-applications,https://github.com/keras-team/keras-applications
https://api.github.com/repos/tensorflow/kfac,https://github.com/tensorflow/kfac
https://api.github.com/repos/mpatacchiola/deepgaze,https://github.com/mpatacchiola/deepgaze
https://api.github.com/repos/htm-community/nupic.studio,https://github.com/htm-community/nupic.studio
https://api.github.com/repos/CamDavidsonPilon/tdigest,https://github.com/CamDavidsonPilon/tdigest
https://api.github.com/repos/xdever/RFCN-tensorflow,https://github.com/xdever/RFCN-tensorflow
https://api.github.com/repos/kgrm/NALU,https://github.com/kgrm/NALU
https://api.github.com/repos/TargetHolding/pyspark-cassandra,https://github.com/TargetHolding/pyspark-cassandra
https://api.github.com/repos/jn2clark/nn-iterated-projections,https://github.com/jn2clark/nn-iterated-projections
https://api.github.com/repos/cbaziotis/datastories-semeval2017-task4,https://github.com/cbaziotis/datastories-semeval2017-task4
https://api.github.com/repos/UKPLab/deeplearning4nlp-tutorial,https://github.com/UKPLab/deeplearning4nlp-tutorial
https://api.github.com/repos/inejc/painters,https://github.com/inejc/painters
https://api.github.com/repos/ozan-oktay/Attention-Gated-Networks,https://github.com/ozan-oktay/Attention-Gated-Networks
https://api.github.com/repos/mrahtz/easy-tf-log,https://github.com/mrahtz/easy-tf-log
https://api.github.com/repos/oreilly-japan/deep-learning-from-scratch-2,https://github.com/oreilly-japan/deep-learning-from-scratch-2
https://api.github.com/repos/tensorflow/moonlight,https://github.com/tensorflow/moonlight
https://api.github.com/repos/MaybeShewill-CV/CRNN_Tensorflow,https://github.com/MaybeShewill-CV/CRNN_Tensorflow
https://api.github.com/repos/pierluigiferrari/ssd_keras,https://github.com/pierluigiferrari/ssd_keras
https://api.github.com/repos/HamedMP/ImageFlow,https://github.com/HamedMP/ImageFlow
https://api.github.com/repos/ColeMurray/medium-facenet-tutorial,https://github.com/ColeMurray/medium-facenet-tutorial
https://api.github.com/repos/batzner/indrnn,https://github.com/batzner/indrnn
https://api.github.com/repos/yao62995/A3C,https://github.com/yao62995/A3C
https://api.github.com/repos/algorithmiaio/danku,https://github.com/algorithmiaio/danku
https://api.github.com/repos/keunwoochoi/kapre,https://github.com/keunwoochoi/kapre
https://api.github.com/repos/Rayhane-mamah/Tacotron-2,https://github.com/Rayhane-mamah/Tacotron-2
https://api.github.com/repos/MichalDanielDobrzanski/DeepLearningPython35,https://github.com/MichalDanielDobrzanski/DeepLearningPython35
https://api.github.com/repos/shenweichen/DeepCTR,https://github.com/shenweichen/DeepCTR
https://api.github.com/repos/scikit-garden/scikit-garden,https://github.com/scikit-garden/scikit-garden
https://api.github.com/repos/billzorn/mtgencode,https://github.com/billzorn/mtgencode
https://api.github.com/repos/QUVA-Lab/artemis,https://github.com/QUVA-Lab/artemis
https://api.github.com/repos/HadoopIt/joint-slu-lm,https://github.com/HadoopIt/joint-slu-lm
https://api.github.com/repos/equalitie/learn2ban,https://github.com/equalitie/learn2ban
https://api.github.com/repos/fvisin/reseg,https://github.com/fvisin/reseg
https://api.github.com/repos/persistforever/cifar10-tensorflow,https://github.com/persistforever/cifar10-tensorflow
https://api.github.com/repos/devsisters/pointer-network-tensorflow,https://github.com/devsisters/pointer-network-tensorflow
https://api.github.com/repos/minimaxir/textgenrnn,https://github.com/minimaxir/textgenrnn
https://api.github.com/repos/Zackory/Keras-MNIST-GAN,https://github.com/Zackory/Keras-MNIST-GAN
https://api.github.com/repos/tensorflow/data-validation,https://github.com/tensorflow/data-validation
https://api.github.com/repos/raghakot/keras-vis,https://github.com/raghakot/keras-vis
https://api.github.com/repos/tkipf/gcn,https://github.com/tkipf/gcn
https://api.github.com/repos/liu-nlper/DocumentClassification,https://github.com/liu-nlper/DocumentClassification
https://api.github.com/repos/hunkim/word-rnn-tensorflow,https://github.com/hunkim/word-rnn-tensorflow
https://api.github.com/repos/jacobgil/keras-grad-cam,https://github.com/jacobgil/keras-grad-cam
https://api.github.com/repos/jiaruncao/Readers,https://github.com/jiaruncao/Readers
https://api.github.com/repos/NVlabs/noise2noise,https://github.com/NVlabs/noise2noise
https://api.github.com/repos/BenWhetton/keras-surgeon,https://github.com/BenWhetton/keras-surgeon
https://api.github.com/repos/tensorflowkorea/tensorflow-kr,https://github.com/tensorflowkorea/tensorflow-kr
https://api.github.com/repos/yeephycho/tensorflow_input_image_by_tfrecord,https://github.com/yeephycho/tensorflow_input_image_by_tfrecord
https://api.github.com/repos/hardmaru/write-rnn-tensorflow,https://github.com/hardmaru/write-rnn-tensorflow
https://api.github.com/repos/snipsco/ntm-lasagne,https://github.com/snipsco/ntm-lasagne
https://api.github.com/repos/llSourcell/how_to_convert_text_to_images,https://github.com/llSourcell/how_to_convert_text_to_images
https://api.github.com/repos/tensorprob/tensorprob,https://github.com/tensorprob/tensorprob
https://api.github.com/repos/eragonruan/text-detection-ctpn,https://github.com/eragonruan/text-detection-ctpn
https://api.github.com/repos/philferriere/dlwin,https://github.com/philferriere/dlwin
https://api.github.com/repos/hexiangnan/attentional_factorization_machine,https://github.com/hexiangnan/attentional_factorization_machine
https://api.github.com/repos/albertomontesg/keras-model-zoo,https://github.com/albertomontesg/keras-model-zoo
https://api.github.com/repos/llSourcell/tensorflow_chatbot,https://github.com/llSourcell/tensorflow_chatbot
https://api.github.com/repos/liu-nlper/NER-LSTM-CRF,https://github.com/liu-nlper/NER-LSTM-CRF
https://api.github.com/repos/lpty/tensorflow_tutorial,https://github.com/lpty/tensorflow_tutorial
https://api.github.com/repos/bojone/Capsule,https://github.com/bojone/Capsule
https://api.github.com/repos/konlpy/konlpy,https://github.com/konlpy/konlpy
https://api.github.com/repos/fabianbormann/Tensorflow-DeconvNet-Segmentation,https://github.com/fabianbormann/Tensorflow-DeconvNet-Segmentation
https://api.github.com/repos/deeppomf/DeepCreamPy,https://github.com/deeppomf/DeepCreamPy
https://api.github.com/repos/cameronfabbri/Colorful-Image-Colorization,https://github.com/cameronfabbri/Colorful-Image-Colorization
https://api.github.com/repos/BradNeuberg/cloudless,https://github.com/BradNeuberg/cloudless
https://api.github.com/repos/nicola-decao/s-vae-tf,https://github.com/nicola-decao/s-vae-tf
https://api.github.com/repos/tdeboissiere/DeepLearningImplementations,https://github.com/tdeboissiere/DeepLearningImplementations
https://api.github.com/repos/jimenbian/DataMining,https://github.com/jimenbian/DataMining
https://api.github.com/repos/FredericGodin/DynamicCNN,https://github.com/FredericGodin/DynamicCNN
https://api.github.com/repos/exp-db/AI-Driven-WAF,https://github.com/exp-db/AI-Driven-WAF
https://api.github.com/repos/IBM/AIF360,https://github.com/IBM/AIF360
https://api.github.com/repos/JihongJu/keras-fcn,https://github.com/JihongJu/keras-fcn
https://api.github.com/repos/dongjun-Lee/text-summarization-tensorflow,https://github.com/dongjun-Lee/text-summarization-tensorflow
https://api.github.com/repos/bfelbo/DeepMoji,https://github.com/bfelbo/DeepMoji
https://api.github.com/repos/Cloud-CV/Fabrik,https://github.com/Cloud-CV/Fabrik
https://api.github.com/repos/Li-Ming-Fan/OCR-DETECTION-CTPN,https://github.com/Li-Ming-Fan/OCR-DETECTION-CTPN
https://api.github.com/repos/dnouri/nolearn,https://github.com/dnouri/nolearn
https://api.github.com/repos/maciejkula/glove-python,https://github.com/maciejkula/glove-python
https://api.github.com/repos/yu4u/convnet-drawer,https://github.com/yu4u/convnet-drawer
https://api.github.com/repos/microsoft/gated-graph-neural-network-samples,https://github.com/microsoft/gated-graph-neural-network-samples
https://api.github.com/repos/kastnerkyle/PyCon2015,https://github.com/kastnerkyle/PyCon2015
https://api.github.com/repos/shaohua0116/Group-Normalization-Tensorflow,https://github.com/shaohua0116/Group-Normalization-Tensorflow
https://api.github.com/repos/joelgrus/joelnet,https://github.com/joelgrus/joelnet
https://api.github.com/repos/MorvanZhou/Tensorflow-Tutorial,https://github.com/MorvanZhou/Tensorflow-Tutorial
https://api.github.com/repos/pbhatia243/Neural_Conversation_Models,https://github.com/pbhatia243/Neural_Conversation_Models
https://api.github.com/repos/wuzheng-sjtu/FastFPN,https://github.com/wuzheng-sjtu/FastFPN
https://api.github.com/repos/kcct-fujimotolab/3DCNN,https://github.com/kcct-fujimotolab/3DCNN
https://api.github.com/repos/titu1994/keras-non-local-nets,https://github.com/titu1994/keras-non-local-nets
https://api.github.com/repos/MatthieuCourbariaux/BinaryConnect,https://github.com/MatthieuCourbariaux/BinaryConnect
https://api.github.com/repos/mquad/hgru4rec,https://github.com/mquad/hgru4rec
https://api.github.com/repos/PeptoneInc/dspp-keras,https://github.com/PeptoneInc/dspp-keras
https://api.github.com/repos/MillionIntegrals/vel,https://github.com/MillionIntegrals/vel
https://api.github.com/repos/ujjwalkarn/DataSciencePython,https://github.com/ujjwalkarn/DataSciencePython
https://api.github.com/repos/mikelynn2/sentimentAPI,https://github.com/mikelynn2/sentimentAPI
https://api.github.com/repos/tomasz-oponowicz/spoken_language_identification,https://github.com/tomasz-oponowicz/spoken_language_identification
https://api.github.com/repos/Belval/CRNN,https://github.com/Belval/CRNN
https://api.github.com/repos/GoogleCloudPlatform/cloudml-samples,https://github.com/GoogleCloudPlatform/cloudml-samples
https://api.github.com/repos/sadeepj/crfasrnn_keras,https://github.com/sadeepj/crfasrnn_keras
https://api.github.com/repos/cloudacademy/sentiment-analysis-aws-lambda,https://github.com/cloudacademy/sentiment-analysis-aws-lambda
https://api.github.com/repos/DwangoMediaVillage/keras_compressor,https://github.com/DwangoMediaVillage/keras_compressor
https://api.github.com/repos/jocicmarko/ultrasound-nerve-segmentation,https://github.com/jocicmarko/ultrasound-nerve-segmentation
https://api.github.com/repos/EdwardTyantov/ultrasound-nerve-segmentation,https://github.com/EdwardTyantov/ultrasound-nerve-segmentation
https://api.github.com/repos/wen-fei/ML-IN-ACTION,https://github.com/wen-fei/ML-IN-ACTION
https://api.github.com/repos/snowkylin/TensorFlow-cn,https://github.com/snowkylin/TensorFlow-cn
https://api.github.com/repos/llSourcell/tensorflow_demo,https://github.com/llSourcell/tensorflow_demo
https://api.github.com/repos/ClimbsRocks/auto_ml,https://github.com/ClimbsRocks/auto_ml
https://api.github.com/repos/soeaver/Pytorch_Mask_RCNN,https://github.com/soeaver/Pytorch_Mask_RCNN
https://api.github.com/repos/asanakoy/deeppose_tf,https://github.com/asanakoy/deeppose_tf
https://api.github.com/repos/lopuhin/kaggle-dstl,https://github.com/lopuhin/kaggle-dstl
https://api.github.com/repos/chongyangtao/DeepHCCR,https://github.com/chongyangtao/DeepHCCR
https://api.github.com/repos/Yaoshicn/decaptcha,https://github.com/Yaoshicn/decaptcha
https://api.github.com/repos/FitMachineLearning/FitML,https://github.com/FitMachineLearning/FitML
https://api.github.com/repos/cesc-park/CRCN,https://github.com/cesc-park/CRCN
https://api.github.com/repos/kuaikuaikim/DFace,https://github.com/kuaikuaikim/DFace
https://api.github.com/repos/hugorut/neural-cli,https://github.com/hugorut/neural-cli
https://api.github.com/repos/abhishekkrthakur/clickbaits_revisited,https://github.com/abhishekkrthakur/clickbaits_revisited
https://api.github.com/repos/juliandewit/kaggle_ndsb2,https://github.com/juliandewit/kaggle_ndsb2
https://api.github.com/repos/harpribot/deep-summarization,https://github.com/harpribot/deep-summarization
https://api.github.com/repos/DeepRNN/image_captioning,https://github.com/DeepRNN/image_captioning
https://api.github.com/repos/sapruash/RecursiveNN,https://github.com/sapruash/RecursiveNN
https://api.github.com/repos/chainer/chainer,https://github.com/chainer/chainer
https://api.github.com/repos/sebastianheinz/stockprediction,https://github.com/sebastianheinz/stockprediction
https://api.github.com/repos/kevinjliang/tf-Faster-RCNN,https://github.com/kevinjliang/tf-Faster-RCNN
https://api.github.com/repos/svenkreiss/databench,https://github.com/svenkreiss/databench
https://api.github.com/repos/benanne/kaggle-galaxies,https://github.com/benanne/kaggle-galaxies
https://api.github.com/repos/fizyr/keras-maskrcnn,https://github.com/fizyr/keras-maskrcnn
https://api.github.com/repos/shirosaidev/stocksight,https://github.com/shirosaidev/stocksight
https://api.github.com/repos/suriyadeepan/rnn-from-scratch,https://github.com/suriyadeepan/rnn-from-scratch
https://api.github.com/repos/yahoo/open_nsfw,https://github.com/yahoo/open_nsfw
https://api.github.com/repos/tperol/ConvNetQuake,https://github.com/tperol/ConvNetQuake
https://api.github.com/repos/Lasagne/Lasagne,https://github.com/Lasagne/Lasagne
https://api.github.com/repos/pinkeshbadjatiya/twitter-hatespeech,https://github.com/pinkeshbadjatiya/twitter-hatespeech
https://api.github.com/repos/kutoga/going_deeper,https://github.com/kutoga/going_deeper
https://api.github.com/repos/chatopera/insuranceqa-corpus-zh,https://github.com/chatopera/insuranceqa-corpus-zh
https://api.github.com/repos/keskarnitish/large-batch-training,https://github.com/keskarnitish/large-batch-training
https://api.github.com/repos/jzilly/RecurrentHighwayNetworks,https://github.com/jzilly/RecurrentHighwayNetworks
https://api.github.com/repos/mazefeng/ml,https://github.com/mazefeng/ml
https://api.github.com/repos/bnpy/bnpy,https://github.com/bnpy/bnpy
https://api.github.com/repos/flyyufelix/Direct-Future-Prediction-Keras,https://github.com/flyyufelix/Direct-Future-Prediction-Keras
https://api.github.com/repos/airalcorn2/Recurrent-Convolutional-Neural-Network-Text-Classifier,https://github.com/airalcorn2/Recurrent-Convolutional-Neural-Network-Text-Classifier
https://api.github.com/repos/rcmalli/keras-mobilenet,https://github.com/rcmalli/keras-mobilenet
https://api.github.com/repos/cbyn/bitpredict,https://github.com/cbyn/bitpredict
https://api.github.com/repos/zerofox-oss/SNAP_R,https://github.com/zerofox-oss/SNAP_R
https://api.github.com/repos/chingyaoc/VQA-tensorflow,https://github.com/chingyaoc/VQA-tensorflow
https://api.github.com/repos/tf-coreml/tf-coreml,https://github.com/tf-coreml/tf-coreml
https://api.github.com/repos/edublancas/sklearn-evaluation,https://github.com/edublancas/sklearn-evaluation
https://api.github.com/repos/buriburisuri/ByteNet,https://github.com/buriburisuri/ByteNet
https://api.github.com/repos/tensorlayer/openpose-plus,https://github.com/tensorlayer/openpose-plus
https://api.github.com/repos/xiaochus/YOLOv3,https://github.com/xiaochus/YOLOv3
https://api.github.com/repos/antoine77340/Youtube-8M-WILLOW,https://github.com/antoine77340/Youtube-8M-WILLOW
https://api.github.com/repos/ilovin/lstm_ctc_ocr,https://github.com/ilovin/lstm_ctc_ocr
https://api.github.com/repos/nyukat/breast_density_classifier,https://github.com/nyukat/breast_density_classifier
https://api.github.com/repos/alexander-rakhlin/CNN-for-Sentence-Classification-in-Keras,https://github.com/alexander-rakhlin/CNN-for-Sentence-Classification-in-Keras
https://api.github.com/repos/kentsommer/keras-inceptionV4,https://github.com/kentsommer/keras-inceptionV4
https://api.github.com/repos/chen0040/keras-anomaly-detection,https://github.com/chen0040/keras-anomaly-detection
https://api.github.com/repos/xwhan/DeepPath,https://github.com/xwhan/DeepPath
https://api.github.com/repos/tuxchow/ecm,https://github.com/tuxchow/ecm
https://api.github.com/repos/jiegzhan/multi-class-text-classification-cnn-rnn,https://github.com/jiegzhan/multi-class-text-classification-cnn-rnn
https://api.github.com/repos/jsikyoon/pathnet,https://github.com/jsikyoon/pathnet
https://api.github.com/repos/zueve/neurolab,https://github.com/zueve/neurolab
https://api.github.com/repos/warmspringwinds/tf-image-segmentation,https://github.com/warmspringwinds/tf-image-segmentation
https://api.github.com/repos/zjy-ucas/ChineseNER,https://github.com/zjy-ucas/ChineseNER
https://api.github.com/repos/stellargraph/stellargraph,https://github.com/stellargraph/stellargraph
https://api.github.com/repos/barronalex/Dynamic-Memory-Networks-in-TensorFlow,https://github.com/barronalex/Dynamic-Memory-Networks-in-TensorFlow
https://api.github.com/repos/google/deepvariant,https://github.com/google/deepvariant
https://api.github.com/repos/onnx/onnxmltools,https://github.com/onnx/onnxmltools
https://api.github.com/repos/svenkreiss/pysparkling,https://github.com/svenkreiss/pysparkling
https://api.github.com/repos/kundan2510/pixelCNN,https://github.com/kundan2510/pixelCNN
https://api.github.com/repos/MorvanZhou/Tensorflow-Computer-Vision-Tutorial,https://github.com/MorvanZhou/Tensorflow-Computer-Vision-Tutorial
https://api.github.com/repos/yunjey/pytorch-tutorial,https://github.com/yunjey/pytorch-tutorial
https://api.github.com/repos/xhujoy/CycleGAN-tensorflow,https://github.com/xhujoy/CycleGAN-tensorflow
https://api.github.com/repos/idealo/image-super-resolution,https://github.com/idealo/image-super-resolution
https://api.github.com/repos/llSourcell/Make_Money_with_Tensorflow,https://github.com/llSourcell/Make_Money_with_Tensorflow
https://api.github.com/repos/tristandeleu/ntm-one-shot,https://github.com/tristandeleu/ntm-one-shot
https://api.github.com/repos/melodyguan/enas,https://github.com/melodyguan/enas
https://api.github.com/repos/lazyprogrammer/facial-expression-recognition,https://github.com/lazyprogrammer/facial-expression-recognition
https://api.github.com/repos/robbiebarrat/rapping-neural-network,https://github.com/robbiebarrat/rapping-neural-network
https://api.github.com/repos/kevinhughes27/TensorKart,https://github.com/kevinhughes27/TensorKart
https://api.github.com/repos/chenyuntc/PyTorchText,https://github.com/chenyuntc/PyTorchText
https://api.github.com/repos/UCodeUStory/DeepLearn-Tensorflow,https://github.com/UCodeUStory/DeepLearn-Tensorflow
https://api.github.com/repos/aurora95/Keras-FCN,https://github.com/aurora95/Keras-FCN
https://api.github.com/repos/cmusphinx/g2p-seq2seq,https://github.com/cmusphinx/g2p-seq2seq
https://api.github.com/repos/akanimax/T2F,https://github.com/akanimax/T2F
https://api.github.com/repos/philipxjm/Deep-Convolution-Stock-Technical-Analysis,https://github.com/philipxjm/Deep-Convolution-Stock-Technical-Analysis
https://api.github.com/repos/gliese581gg/DQN_tensorflow,https://github.com/gliese581gg/DQN_tensorflow
https://api.github.com/repos/brannondorsey/PassGAN,https://github.com/brannondorsey/PassGAN
https://api.github.com/repos/LunaBlack/RNN-Classification,https://github.com/LunaBlack/RNN-Classification
https://api.github.com/repos/HaloOrangeWang/NoiseMaker,https://github.com/HaloOrangeWang/NoiseMaker
https://api.github.com/repos/ematvey/hierarchical-attention-networks,https://github.com/ematvey/hierarchical-attention-networks
https://api.github.com/repos/krystianity/keras-serving,https://github.com/krystianity/keras-serving
https://api.github.com/repos/tf-encrypted/tf-encrypted,https://github.com/tf-encrypted/tf-encrypted
https://api.github.com/repos/lancopku/SU4MLC,https://github.com/lancopku/SU4MLC
https://api.github.com/repos/Theano/Theano,https://github.com/Theano/Theano
https://api.github.com/repos/rafacarrascosa/samr,https://github.com/rafacarrascosa/samr
https://api.github.com/repos/XuezheMax/NeuroNLP2,https://github.com/XuezheMax/NeuroNLP2
https://api.github.com/repos/dmbee/seglearn,https://github.com/dmbee/seglearn
https://api.github.com/repos/gradientinstitute/aboleth,https://github.com/gradientinstitute/aboleth
https://api.github.com/repos/buriburisuri/ebgan,https://github.com/buriburisuri/ebgan
https://api.github.com/repos/broadinstitute/keras-rcnn,https://github.com/broadinstitute/keras-rcnn
https://api.github.com/repos/siyuanzhao/key-value-memory-networks,https://github.com/siyuanzhao/key-value-memory-networks
https://api.github.com/repos/chenyilun95/tf-cpn,https://github.com/chenyilun95/tf-cpn
https://api.github.com/repos/flomlo/ntm_keras,https://github.com/flomlo/ntm_keras
https://api.github.com/repos/getnamo/tensorflow-ue4-examples,https://github.com/getnamo/tensorflow-ue4-examples
https://api.github.com/repos/hidasib/GRU4Rec,https://github.com/hidasib/GRU4Rec
https://api.github.com/repos/burness/tensorflow-101,https://github.com/burness/tensorflow-101
https://api.github.com/repos/fendouai/Chinese-Text-Classification,https://github.com/fendouai/Chinese-Text-Classification
https://api.github.com/repos/PacktPublishing/Getting-Started-with-TensorFlow,https://github.com/PacktPublishing/Getting-Started-with-TensorFlow
https://api.github.com/repos/MurtyShikhar/Question-Answering,https://github.com/MurtyShikhar/Question-Answering
https://api.github.com/repos/andabi/music-source-separation,https://github.com/andabi/music-source-separation
https://api.github.com/repos/zishansami102/CNN-from-Scratch,https://github.com/zishansami102/CNN-from-Scratch
https://api.github.com/repos/lsy17096535/face-landmark,https://github.com/lsy17096535/face-landmark
https://api.github.com/repos/galeone/dynamic-training-bench,https://github.com/galeone/dynamic-training-bench
https://api.github.com/repos/google/uis-rnn,https://github.com/google/uis-rnn
https://api.github.com/repos/Kyubyong/transformer,https://github.com/Kyubyong/transformer
https://api.github.com/repos/chen0040/keras-text-summarization,https://github.com/chen0040/keras-text-summarization
https://api.github.com/repos/jacobandreas/nmn2,https://github.com/jacobandreas/nmn2
https://api.github.com/repos/imistyrain/caffe-oneclick,https://github.com/imistyrain/caffe-oneclick
https://api.github.com/repos/TracyMcgrady6/Distribute_MNIST,https://github.com/TracyMcgrady6/Distribute_MNIST
https://api.github.com/repos/awslabs/aws-glue-libs,https://github.com/awslabs/aws-glue-libs
https://api.github.com/repos/ikostrikov/TensorFlow-Pointer-Networks,https://github.com/ikostrikov/TensorFlow-Pointer-Networks
https://api.github.com/repos/thoschm/START-Summit-2017-Blockchain-Machine-Learning-Workshop,https://github.com/thoschm/START-Summit-2017-Blockchain-Machine-Learning-Workshop
https://api.github.com/repos/tadejmagajna/HereIsWally,https://github.com/tadejmagajna/HereIsWally
https://api.github.com/repos/zhangqianhui/progressive_growing_of_gans_tensorflow,https://github.com/zhangqianhui/progressive_growing_of_gans_tensorflow
https://api.github.com/repos/donnemartin/data-science-ipython-notebooks,https://github.com/donnemartin/data-science-ipython-notebooks
https://api.github.com/repos/HadoopIt/rnn-nlu,https://github.com/HadoopIt/rnn-nlu
https://api.github.com/repos/una-dinosauria/human-motion-prediction,https://github.com/una-dinosauria/human-motion-prediction
https://api.github.com/repos/rasbt/mlxtend,https://github.com/rasbt/mlxtend
https://api.github.com/repos/sjvasquez/web-traffic-forecasting,https://github.com/sjvasquez/web-traffic-forecasting
https://api.github.com/repos/pydata/pyrallel,https://github.com/pydata/pyrallel
https://api.github.com/repos/machinelearningmindset/TensorFlow-Course,https://github.com/machinelearningmindset/TensorFlow-Course
https://api.github.com/repos/bshao001/ChatLearner,https://github.com/bshao001/ChatLearner
https://api.github.com/repos/cauchyturing/UCR_Time_Series_Classification_Deep_Learning_Baseline,https://github.com/cauchyturing/UCR_Time_Series_Classification_Deep_Learning_Baseline
https://api.github.com/repos/kykiefer/depression-detect,https://github.com/kykiefer/depression-detect
https://api.github.com/repos/brightmart/text_classification,https://github.com/brightmart/text_classification
https://api.github.com/repos/Arsey/keras-transfer-learning-for-oxford102,https://github.com/Arsey/keras-transfer-learning-for-oxford102
https://api.github.com/repos/rajarsheem/libsdae-autoencoder-tensorflow,https://github.com/rajarsheem/libsdae-autoencoder-tensorflow
https://api.github.com/repos/dnouri/kfkd-tutorial,https://github.com/dnouri/kfkd-tutorial
https://api.github.com/repos/bbengfort/hadoop-fundamentals,https://github.com/bbengfort/hadoop-fundamentals
https://api.github.com/repos/adobe/NLP-Cube,https://github.com/adobe/NLP-Cube
https://api.github.com/repos/SpiderClub/haipproxy,https://github.com/SpiderClub/haipproxy
https://api.github.com/repos/google-research/batch-ppo,https://github.com/google-research/batch-ppo
https://api.github.com/repos/xiaozhouwang/kaggle_Microsoft_Malware,https://github.com/xiaozhouwang/kaggle_Microsoft_Malware
https://api.github.com/repos/dirkneumann/deepdist,https://github.com/dirkneumann/deepdist
https://api.github.com/repos/Coder-Yu/RecQ,https://github.com/Coder-Yu/RecQ
https://api.github.com/repos/tensorflow/compression,https://github.com/tensorflow/compression
https://api.github.com/repos/chainer/chainercv,https://github.com/chainer/chainercv
https://api.github.com/repos/ckmarkoh/GAN-tensorflow,https://github.com/ckmarkoh/GAN-tensorflow
https://api.github.com/repos/devsisters/DQN-tensorflow,https://github.com/devsisters/DQN-tensorflow
https://api.github.com/repos/iterative/dvc,https://github.com/iterative/dvc
https://api.github.com/repos/pannous/tensorflow-ocr,https://github.com/pannous/tensorflow-ocr
https://api.github.com/repos/songgc/TF-recomm,https://github.com/songgc/TF-recomm
https://api.github.com/repos/castorini/honk,https://github.com/castorini/honk
https://api.github.com/repos/ahmetozlu/vehicle_counting_tensorflow,https://github.com/ahmetozlu/vehicle_counting_tensorflow
https://api.github.com/repos/yuvalpinter/Mimick,https://github.com/yuvalpinter/Mimick
https://api.github.com/repos/rcmalli/keras-squeezenet,https://github.com/rcmalli/keras-squeezenet
https://api.github.com/repos/dimatura/voxnet,https://github.com/dimatura/voxnet
https://api.github.com/repos/snowkylin/ntm,https://github.com/snowkylin/ntm
https://api.github.com/repos/NourozR/Stock-Price-Prediction-LSTM,https://github.com/NourozR/Stock-Price-Prediction-LSTM
https://api.github.com/repos/dask/dask-ml,https://github.com/dask/dask-ml
https://api.github.com/repos/npow/MemN2N,https://github.com/npow/MemN2N
https://api.github.com/repos/innovation-cat/DeepLearningBook,https://github.com/innovation-cat/DeepLearningBook
https://api.github.com/repos/anayebi/keras-extra,https://github.com/anayebi/keras-extra
https://api.github.com/repos/llSourcell/Make_a_neural_network,https://github.com/llSourcell/Make_a_neural_network
https://api.github.com/repos/qianguih/voxelnet,https://github.com/qianguih/voxelnet
https://api.github.com/repos/Determined22/zh-NER-TF,https://github.com/Determined22/zh-NER-TF
https://api.github.com/repos/explosion/thinc,https://github.com/explosion/thinc
https://api.github.com/repos/ycszen/TensorFlowLaboratory,https://github.com/ycszen/TensorFlowLaboratory
https://api.github.com/repos/gzuidhof/nn-transfer,https://github.com/gzuidhof/nn-transfer
https://api.github.com/repos/BIGBALLON/cifar-10-cnn,https://github.com/BIGBALLON/cifar-10-cnn
https://api.github.com/repos/yhenon/keras-spp,https://github.com/yhenon/keras-spp
https://api.github.com/repos/youngjoo-epfl/gconvRNN,https://github.com/youngjoo-epfl/gconvRNN
https://api.github.com/repos/Justin-Tan/generative-compression,https://github.com/Justin-Tan/generative-compression
https://api.github.com/repos/voicy-ai/DialogStateTracking,https://github.com/voicy-ai/DialogStateTracking
https://api.github.com/repos/sebp/scikit-survival,https://github.com/sebp/scikit-survival
https://api.github.com/repos/rcmalli/keras-vggface,https://github.com/rcmalli/keras-vggface
https://api.github.com/repos/gwtaylor/theano-rnn,https://github.com/gwtaylor/theano-rnn
https://api.github.com/repos/erickrf/nlpnet,https://github.com/erickrf/nlpnet
https://api.github.com/repos/mjdietzx/GAN-Sandbox,https://github.com/mjdietzx/GAN-Sandbox
https://api.github.com/repos/ahmetozlu/tensorflow_object_counting_api,https://github.com/ahmetozlu/tensorflow_object_counting_api
https://api.github.com/repos/CongWeilin/mtcnn-caffe,https://github.com/CongWeilin/mtcnn-caffe
https://api.github.com/repos/aurotripathy/lstm-anomaly-detect,https://github.com/aurotripathy/lstm-anomaly-detect
https://api.github.com/repos/jperla/neural,https://github.com/jperla/neural
https://api.github.com/repos/bystc/FaceRecognition,https://github.com/bystc/FaceRecognition
https://api.github.com/repos/lzddzh/DataMiningCompetitionFirstPrize,https://github.com/lzddzh/DataMiningCompetitionFirstPrize
https://api.github.com/repos/Jack-Cherish/Deep-Learning,https://github.com/Jack-Cherish/Deep-Learning
https://api.github.com/repos/longcw/pytorch2caffe,https://github.com/longcw/pytorch2caffe
https://api.github.com/repos/jay-mahadeokar/pynetbuilder,https://github.com/jay-mahadeokar/pynetbuilder
https://api.github.com/repos/pymc-learn/pymc-learn,https://github.com/pymc-learn/pymc-learn
https://api.github.com/repos/dlaptev/TI-pooling,https://github.com/dlaptev/TI-pooling
https://api.github.com/repos/outcastofmusic/quick-nlp,https://github.com/outcastofmusic/quick-nlp
https://api.github.com/repos/alexisbcook/ResNetCAM-keras,https://github.com/alexisbcook/ResNetCAM-keras
https://api.github.com/repos/yule-li/CosFace,https://github.com/yule-li/CosFace
https://api.github.com/repos/tscohen/GrouPy,https://github.com/tscohen/GrouPy
https://api.github.com/repos/NVIDIA/FastPhotoStyle,https://github.com/NVIDIA/FastPhotoStyle
https://api.github.com/repos/ljanyst/ssd-tensorflow,https://github.com/ljanyst/ssd-tensorflow
https://api.github.com/repos/Khan/guacamole,https://github.com/Khan/guacamole
https://api.github.com/repos/rishizek/tensorflow-deeplab-v3,https://github.com/rishizek/tensorflow-deeplab-v3
https://api.github.com/repos/matroid/dlwithtf,https://github.com/matroid/dlwithtf
https://api.github.com/repos/flairNLP/flair,https://github.com/flairNLP/flair
https://api.github.com/repos/spotify/luigi,https://github.com/spotify/luigi
https://api.github.com/repos/chribsen/simple-machine-learning-examples,https://github.com/chribsen/simple-machine-learning-examples
https://api.github.com/repos/GeekLiB/caffe-model,https://github.com/GeekLiB/caffe-model
https://api.github.com/repos/karpathy/tf-agent,https://github.com/karpathy/tf-agent
https://api.github.com/repos/forcecore/Keras-GAN-Animeface-Character,https://github.com/forcecore/Keras-GAN-Animeface-Character
https://api.github.com/repos/kuleshov/audio-super-res,https://github.com/kuleshov/audio-super-res
https://api.github.com/repos/zhreshold/mxnet-ssd,https://github.com/zhreshold/mxnet-ssd
https://api.github.com/repos/wookayin/tensorflow-plot,https://github.com/wookayin/tensorflow-plot
https://api.github.com/repos/habrman/FaceRecognition,https://github.com/habrman/FaceRecognition
https://api.github.com/repos/EducationalTestingService/skll,https://github.com/EducationalTestingService/skll
https://api.github.com/repos/kwotsin/TensorFlow-ENet,https://github.com/kwotsin/TensorFlow-ENet
https://api.github.com/repos/tonybeltramelli/Deep-Lyrics,https://github.com/tonybeltramelli/Deep-Lyrics
https://api.github.com/repos/MichaelHills/seizure-detection,https://github.com/MichaelHills/seizure-detection
https://api.github.com/repos/huggingface/neuralcoref,https://github.com/huggingface/neuralcoref
https://api.github.com/repos/wenwei202/terngrad,https://github.com/wenwei202/terngrad
https://api.github.com/repos/QuantumLiu/wechat_callback,https://github.com/QuantumLiu/wechat_callback
https://api.github.com/repos/k3170makan/PyMLProjects,https://github.com/k3170makan/PyMLProjects
https://api.github.com/repos/PetroWu/AutoPortraitMatting,https://github.com/PetroWu/AutoPortraitMatting
https://api.github.com/repos/oreilly-japan/deep-learning-from-scratch,https://github.com/oreilly-japan/deep-learning-from-scratch
https://api.github.com/repos/titu1994/Keras-ResNeXt,https://github.com/titu1994/Keras-ResNeXt
https://api.github.com/repos/OlavHN/fast-neural-style,https://github.com/OlavHN/fast-neural-style
https://api.github.com/repos/nathanrooy/evolving-simple-organisms,https://github.com/nathanrooy/evolving-simple-organisms
https://api.github.com/repos/dgurkaynak/tensorflow-cnn-finetune,https://github.com/dgurkaynak/tensorflow-cnn-finetune
https://api.github.com/repos/allenai/PeerRead,https://github.com/allenai/PeerRead
https://api.github.com/repos/philipperemy/keras-attention-mechanism,https://github.com/philipperemy/keras-attention-mechanism
https://api.github.com/repos/dblN/stochastic_depth_keras,https://github.com/dblN/stochastic_depth_keras
https://api.github.com/repos/jakevdp/sklearn_scipy2013,https://github.com/jakevdp/sklearn_scipy2013
https://api.github.com/repos/alkaline-ml/pmdarima,https://github.com/alkaline-ml/pmdarima
https://api.github.com/repos/brian-team/brian2,https://github.com/brian-team/brian2
https://api.github.com/repos/llSourcell/Progressive_GANs,https://github.com/llSourcell/Progressive_GANs
https://api.github.com/repos/ctallec/pyvarinf,https://github.com/ctallec/pyvarinf
https://api.github.com/repos/kevinzakka/style-transfer,https://github.com/kevinzakka/style-transfer
https://api.github.com/repos/HendrikStrobelt/Seq2Seq-Vis,https://github.com/HendrikStrobelt/Seq2Seq-Vis
https://api.github.com/repos/anishathalye/neural-style,https://github.com/anishathalye/neural-style
https://api.github.com/repos/lazyprogrammer/machine_learning_examples,https://github.com/lazyprogrammer/machine_learning_examples
https://api.github.com/repos/llSourcell/Machine-Learning-API-Tutorial,https://github.com/llSourcell/Machine-Learning-API-Tutorial
https://api.github.com/repos/atbaker/wikipedia-question-generator,https://github.com/atbaker/wikipedia-question-generator
https://api.github.com/repos/GauravBh1010tt/DeepLearn,https://github.com/GauravBh1010tt/DeepLearn
https://api.github.com/repos/kuz/caffe-with-spearmint,https://github.com/kuz/caffe-with-spearmint
https://api.github.com/repos/aldro61/pu-learning,https://github.com/aldro61/pu-learning
https://api.github.com/repos/mila-iqia/platoon,https://github.com/mila-iqia/platoon
https://api.github.com/repos/pytorch/ignite,https://github.com/pytorch/ignite
https://api.github.com/repos/Liu-Yicheng/Fast-RCNN,https://github.com/Liu-Yicheng/Fast-RCNN
https://api.github.com/repos/guoyilin/FaceDetection_CNN,https://github.com/guoyilin/FaceDetection_CNN
https://api.github.com/repos/rusty1s/pytorch_geometric,https://github.com/rusty1s/pytorch_geometric
https://api.github.com/repos/georgesung/ssd_tensorflow_traffic_sign_detection,https://github.com/georgesung/ssd_tensorflow_traffic_sign_detection
https://api.github.com/repos/darkonhub/darkon,https://github.com/darkonhub/darkon
https://api.github.com/repos/PiSimo/BitcoinForecast,https://github.com/PiSimo/BitcoinForecast
https://api.github.com/repos/pymetrics/audit-ai,https://github.com/pymetrics/audit-ai
https://api.github.com/repos/dhwajraj/deep-text-classifier-mtl,https://github.com/dhwajraj/deep-text-classifier-mtl
https://api.github.com/repos/doccano/doccano,https://github.com/doccano/doccano
https://api.github.com/repos/lhyxcxy/nlp,https://github.com/lhyxcxy/nlp
https://api.github.com/repos/CatalinVoss/cnn-assignments,https://github.com/CatalinVoss/cnn-assignments
https://api.github.com/repos/titu1994/MobileNetworks,https://github.com/titu1994/MobileNetworks
https://api.github.com/repos/uoguelph-mlrg/theano_alexnet,https://github.com/uoguelph-mlrg/theano_alexnet
https://api.github.com/repos/fchollet/deep-learning-models,https://github.com/fchollet/deep-learning-models
https://api.github.com/repos/deepchem/deepchem,https://github.com/deepchem/deepchem
https://api.github.com/repos/ClimbsRocks/machineJS,https://github.com/ClimbsRocks/machineJS
https://api.github.com/repos/Separius/BERT-keras,https://github.com/Separius/BERT-keras
https://api.github.com/repos/rishizek/tensorflow-deeplab-v3-plus,https://github.com/rishizek/tensorflow-deeplab-v3-plus
https://api.github.com/repos/tobegit3hub/tensorflow_examples,https://github.com/tobegit3hub/tensorflow_examples
https://api.github.com/repos/bfortuner/ml-glossary,https://github.com/bfortuner/ml-glossary
https://api.github.com/repos/sentinel-hub/eo-learn,https://github.com/sentinel-hub/eo-learn
https://api.github.com/repos/yajiemiao/pdnn,https://github.com/yajiemiao/pdnn
https://api.github.com/repos/mpastell/Pweave,https://github.com/mpastell/Pweave
https://api.github.com/repos/DistrictDataLabs/yellowbrick,https://github.com/DistrictDataLabs/yellowbrick
https://api.github.com/repos/pathak22/zeroshot-imitation,https://github.com/pathak22/zeroshot-imitation
https://api.github.com/repos/BindsNET/bindsnet,https://github.com/BindsNET/bindsnet
https://api.github.com/repos/databricks/spark-sklearn,https://github.com/databricks/spark-sklearn
https://api.github.com/repos/emedvedev/attention-ocr,https://github.com/emedvedev/attention-ocr
https://api.github.com/repos/qfgaohao/pytorch-ssd,https://github.com/qfgaohao/pytorch-ssd
https://api.github.com/repos/zjjMaiMai/Deep-Alignment-Network-A-convolutional-neural-network-for-robust-face-alignment,https://github.com/zjjMaiMai/Deep-Alignment-Network-A-convolutional-neural-network-for-robust-face-alignment
https://api.github.com/repos/allenai/deep_qa,https://github.com/allenai/deep_qa
https://api.github.com/repos/shubhomoydas/ad_examples,https://github.com/shubhomoydas/ad_examples
https://api.github.com/repos/therne/dmn-tensorflow,https://github.com/therne/dmn-tensorflow
https://api.github.com/repos/ayush1997/Xvision,https://github.com/ayush1997/Xvision
https://api.github.com/repos/PythonProgramming/Pattern-Recognition-for-Forex-Trading,https://github.com/PythonProgramming/Pattern-Recognition-for-Forex-Trading
https://api.github.com/repos/jisungk/deepjazz,https://github.com/jisungk/deepjazz
https://api.github.com/repos/ARM-DOE/pyart,https://github.com/ARM-DOE/pyart
https://api.github.com/repos/DavidJBianco/Clearcut,https://github.com/DavidJBianco/Clearcut
https://api.github.com/repos/hellochick/PSPNet-tensorflow,https://github.com/hellochick/PSPNet-tensorflow
https://api.github.com/repos/ry/tensorflow-resnet,https://github.com/ry/tensorflow-resnet
https://api.github.com/repos/GPflow/GPflow,https://github.com/GPflow/GPflow
https://api.github.com/repos/kvfrans/deepcolor,https://github.com/kvfrans/deepcolor
https://api.github.com/repos/anantzoid/Conditional-PixelCNN-decoder,https://github.com/anantzoid/Conditional-PixelCNN-decoder
https://api.github.com/repos/huangshiyu13/RPNplus,https://github.com/huangshiyu13/RPNplus
https://api.github.com/repos/llSourcell/Self-Driving-Car-Demo,https://github.com/llSourcell/Self-Driving-Car-Demo
https://api.github.com/repos/auroua/InsightFace_TF,https://github.com/auroua/InsightFace_TF
https://api.github.com/repos/HKUST-KnowComp/R-Net,https://github.com/HKUST-KnowComp/R-Net
https://api.github.com/repos/tokestermw/tensorflow-shakespeare,https://github.com/tokestermw/tensorflow-shakespeare
https://api.github.com/repos/YingZhangDUT/Deep-Mutual-Learning,https://github.com/YingZhangDUT/Deep-Mutual-Learning
https://api.github.com/repos/EliotAndres/pretrained.ml,https://github.com/EliotAndres/pretrained.ml
https://api.github.com/repos/carlini/nn_robust_attacks,https://github.com/carlini/nn_robust_attacks
https://api.github.com/repos/cj0012/AI-Practice-Tensorflow-Notes,https://github.com/cj0012/AI-Practice-Tensorflow-Notes
https://api.github.com/repos/yanpanlau/DDPG-Keras-Torcs,https://github.com/yanpanlau/DDPG-Keras-Torcs
https://api.github.com/repos/cmgreen210/TensorFlowDeepAutoencoder,https://github.com/cmgreen210/TensorFlowDeepAutoencoder
https://api.github.com/repos/jupyter-incubator/sparkmagic,https://github.com/jupyter-incubator/sparkmagic
https://api.github.com/repos/TensorLab/tensorfx,https://github.com/TensorLab/tensorfx
https://api.github.com/repos/AIChallenger/AI_Challenger_2017,https://github.com/AIChallenger/AI_Challenger_2017
https://api.github.com/repos/neubig/nn4nlp-code,https://github.com/neubig/nn4nlp-code
https://api.github.com/repos/nicolov/segmentation_keras,https://github.com/nicolov/segmentation_keras
https://api.github.com/repos/HirokiNakahara/GUINNESS,https://github.com/HirokiNakahara/GUINNESS
https://api.github.com/repos/erikbern/deep-fonts,https://github.com/erikbern/deep-fonts
https://api.github.com/repos/aerdem4/kaggle-quora-dup,https://github.com/aerdem4/kaggle-quora-dup
https://api.github.com/repos/GenTang/intro_ds,https://github.com/GenTang/intro_ds
https://api.github.com/repos/yeephycho/nasnet-tensorflow,https://github.com/yeephycho/nasnet-tensorflow
https://api.github.com/repos/lytforgood/MachineLearningTrick,https://github.com/lytforgood/MachineLearningTrick
https://api.github.com/repos/guillaumegenthial/tf_ner,https://github.com/guillaumegenthial/tf_ner
https://api.github.com/repos/AxeldeRomblay/MLBox,https://github.com/AxeldeRomblay/MLBox
https://api.github.com/repos/broadinstitute/keras-resnet,https://github.com/broadinstitute/keras-resnet
https://api.github.com/repos/benanne/morb,https://github.com/benanne/morb
https://api.github.com/repos/openai/weightnorm,https://github.com/openai/weightnorm
https://api.github.com/repos/weinman/cnn_lstm_ctc_ocr,https://github.com/weinman/cnn_lstm_ctc_ocr
https://api.github.com/repos/wuaalb/keras_extensions,https://github.com/wuaalb/keras_extensions
https://api.github.com/repos/xeneta/LeadQualifier,https://github.com/xeneta/LeadQualifier
https://api.github.com/repos/EpistasisLab/scikit-rebate,https://github.com/EpistasisLab/scikit-rebate
https://api.github.com/repos/taehoonlee/tensornets,https://github.com/taehoonlee/tensornets
https://api.github.com/repos/jay-johnson/sci-pype,https://github.com/jay-johnson/sci-pype
https://api.github.com/repos/samim23/NeuralTalkAnimator,https://github.com/samim23/NeuralTalkAnimator
https://api.github.com/repos/pengpaiSH/Kaggle_NCFM,https://github.com/pengpaiSH/Kaggle_NCFM
https://api.github.com/repos/dinghanshen/SWEM,https://github.com/dinghanshen/SWEM
NonDataScience,NonDataScience
https://api.github.com/repos/covertcodes/multitun,https://github.com/covertcodes/multitun
https://api.github.com/repos/ConsenSys/mythril,https://github.com/ConsenSys/mythril
https://api.github.com/repos/felipevolpone/ray,https://github.com/felipevolpone/ray
https://api.github.com/repos/markstory/lint-review,https://github.com/markstory/lint-review
https://api.github.com/repos/nypl-spacetime/map-vectorizer,https://github.com/nypl-spacetime/map-vectorizer
https://api.github.com/repos/willyg302/clip.py,https://github.com/willyg302/clip.py
https://api.github.com/repos/luispedro/mahotas,https://github.com/luispedro/mahotas
https://api.github.com/repos/Scarygami/location-history-json-converter,https://github.com/Scarygami/location-history-json-converter
https://api.github.com/repos/avelino/nacho,https://github.com/avelino/nacho
https://api.github.com/repos/mardix/flask-cloudy,https://github.com/mardix/flask-cloudy
https://api.github.com/repos/geduldig/TwitterAPI,https://github.com/geduldig/TwitterAPI
https://api.github.com/repos/sphinx-gallery/sphinx-gallery,https://github.com/sphinx-gallery/sphinx-gallery
https://api.github.com/repos/mengskysama/shadowsocks-rm,https://github.com/mengskysama/shadowsocks-rm
https://api.github.com/repos/intrications/material-design-icons-adt-template,https://github.com/intrications/material-design-icons-adt-template
https://api.github.com/repos/raelgc/scudcloud,https://github.com/raelgc/scudcloud
https://api.github.com/repos/facebookarchive/adversarial_image_defenses,https://github.com/facebookarchive/adversarial_image_defenses
https://api.github.com/repos/yktoo/indicator-sound-switcher,https://github.com/yktoo/indicator-sound-switcher
https://api.github.com/repos/viewflow/django-fsm,https://github.com/viewflow/django-fsm
https://api.github.com/repos/zhu327/rss,https://github.com/zhu327/rss
https://api.github.com/repos/quantopian/quantopian-algos,https://github.com/quantopian/quantopian-algos
https://api.github.com/repos/alexgkendall/SegNet-Tutorial,https://github.com/alexgkendall/SegNet-Tutorial
https://api.github.com/repos/denyhosts/denyhosts,https://github.com/denyhosts/denyhosts
https://api.github.com/repos/ansible-community/molecule,https://github.com/ansible-community/molecule
https://api.github.com/repos/pipermerriam/flex,https://github.com/pipermerriam/flex
https://api.github.com/repos/deanishe/alfred-stackoverflow,https://github.com/deanishe/alfred-stackoverflow
https://api.github.com/repos/tsileo/bakthat,https://github.com/tsileo/bakthat
https://api.github.com/repos/python-semver/python-semver,https://github.com/python-semver/python-semver
https://api.github.com/repos/franciscod/telegram-twitter-forwarder-bot,https://github.com/franciscod/telegram-twitter-forwarder-bot
https://api.github.com/repos/ynvb/DIE,https://github.com/ynvb/DIE
https://api.github.com/repos/Cisco-Talos/Decept,https://github.com/Cisco-Talos/Decept
https://api.github.com/repos/Dan2552/SublimeTextSwiftAutocomplete,https://github.com/Dan2552/SublimeTextSwiftAutocomplete
https://api.github.com/repos/muricoca/crab,https://github.com/muricoca/crab
https://api.github.com/repos/smileboywtu/MillionHeroAssistant,https://github.com/smileboywtu/MillionHeroAssistant
https://api.github.com/repos/pmclanahan/django-celery-email,https://github.com/pmclanahan/django-celery-email
https://api.github.com/repos/mwarkentin/django-watchman,https://github.com/mwarkentin/django-watchman
https://api.github.com/repos/ajbrock/Generative-and-Discriminative-Voxel-Modeling,https://github.com/ajbrock/Generative-and-Discriminative-Voxel-Modeling
https://api.github.com/repos/aws/aws-encryption-sdk-python,https://github.com/aws/aws-encryption-sdk-python
https://api.github.com/repos/skorokithakis/django-annoying,https://github.com/skorokithakis/django-annoying
https://api.github.com/repos/asweigart/my_first_tic_tac_toe,https://github.com/asweigart/my_first_tic_tac_toe
https://api.github.com/repos/madisona/django-google-maps,https://github.com/madisona/django-google-maps
https://api.github.com/repos/eliben/luz-cpu,https://github.com/eliben/luz-cpu
https://api.github.com/repos/swapniljariwala/nsepy,https://github.com/swapniljariwala/nsepy
https://api.github.com/repos/schickling/docker-hook,https://github.com/schickling/docker-hook
https://api.github.com/repos/django-wiki/django-wiki,https://github.com/django-wiki/django-wiki
https://api.github.com/repos/secretsquirrel/BDFProxy,https://github.com/secretsquirrel/BDFProxy
https://api.github.com/repos/caseychu/spotify-backup,https://github.com/caseychu/spotify-backup
https://api.github.com/repos/pagekite/PyPagekite,https://github.com/pagekite/PyPagekite
https://api.github.com/repos/yasoob/youtube-dl-GUI,https://github.com/yasoob/youtube-dl-GUI
https://api.github.com/repos/imwilsonxu/fbone,https://github.com/imwilsonxu/fbone
https://api.github.com/repos/hudora/huBarcode,https://github.com/hudora/huBarcode
https://api.github.com/repos/DiegoVicen/som-tsp,https://github.com/DiegoVicen/som-tsp
https://api.github.com/repos/taivop/joke-dataset,https://github.com/taivop/joke-dataset
https://api.github.com/repos/raffaele-forte/climber,https://github.com/raffaele-forte/climber
https://api.github.com/repos/h4ck3rk3y/wolfe,https://github.com/h4ck3rk3y/wolfe
https://api.github.com/repos/zalando/connexion,https://github.com/zalando/connexion
https://api.github.com/repos/NightNord/ljd,https://github.com/NightNord/ljd
https://api.github.com/repos/baudm/mplayer.py,https://github.com/baudm/mplayer.py
https://api.github.com/repos/thauber/django-schedule,https://github.com/thauber/django-schedule
https://api.github.com/repos/girder/girder,https://github.com/girder/girder
https://api.github.com/repos/miguelgrinberg/Flask-PageDown,https://github.com/miguelgrinberg/Flask-PageDown
https://api.github.com/repos/mozilla/sugardough,https://github.com/mozilla/sugardough
https://api.github.com/repos/sindresorhus/sublime-autoprefixer,https://github.com/sindresorhus/sublime-autoprefixer
https://api.github.com/repos/x1ddos/simpleauth,https://github.com/x1ddos/simpleauth
https://api.github.com/repos/scalingexcellence/scrapybook,https://github.com/scalingexcellence/scrapybook
https://api.github.com/repos/anantshri/svn-extractor,https://github.com/anantshri/svn-extractor
https://api.github.com/repos/kscottz/dewarp,https://github.com/kscottz/dewarp
https://api.github.com/repos/numixproject/numix-folders,https://github.com/numixproject/numix-folders
https://api.github.com/repos/abhishekkrthakur/greedyFeatureSelection,https://github.com/abhishekkrthakur/greedyFeatureSelection
https://api.github.com/repos/guyc/py-gaugette,https://github.com/guyc/py-gaugette
https://api.github.com/repos/lkiesow/python-feedgen,https://github.com/lkiesow/python-feedgen
https://api.github.com/repos/asciidisco/plugin.video.netflix,https://github.com/asciidisco/plugin.video.netflix
https://api.github.com/repos/p-e-w/krill,https://github.com/p-e-w/krill
https://api.github.com/repos/fewtime/An-Introduction-to-Interactive-Programming-in-Python,https://github.com/fewtime/An-Introduction-to-Interactive-Programming-in-Python
https://api.github.com/repos/ikotler/hackersh,https://github.com/ikotler/hackersh
https://api.github.com/repos/ensime/ensime-vim,https://github.com/ensime/ensime-vim
https://api.github.com/repos/hypothesis/h,https://github.com/hypothesis/h
https://api.github.com/repos/jmoiron/johnny-cache,https://github.com/jmoiron/johnny-cache
https://api.github.com/repos/realpython/discover-flask,https://github.com/realpython/discover-flask
https://api.github.com/repos/brokenseal/PyV8-OS-X,https://github.com/brokenseal/PyV8-OS-X
https://api.github.com/repos/powdahound/redis-collectd-plugin,https://github.com/powdahound/redis-collectd-plugin
https://api.github.com/repos/owtf/owtf,https://github.com/owtf/owtf
https://api.github.com/repos/ilektrojohn/creepy,https://github.com/ilektrojohn/creepy
https://api.github.com/repos/DinoTools/dionaea,https://github.com/DinoTools/dionaea
https://api.github.com/repos/lxc/pylxd,https://github.com/lxc/pylxd
https://api.github.com/repos/HHammond/PrettyPandas,https://github.com/HHammond/PrettyPandas
https://api.github.com/repos/jyapayne/Web2Executable,https://github.com/jyapayne/Web2Executable
https://api.github.com/repos/globocom/hlsclient,https://github.com/globocom/hlsclient
https://api.github.com/repos/ptigas/simple-captcha-solver,https://github.com/ptigas/simple-captcha-solver
https://api.github.com/repos/tgalal/yowsup,https://github.com/tgalal/yowsup
https://api.github.com/repos/nedbat/byterun,https://github.com/nedbat/byterun
https://api.github.com/repos/jlmadurga/django-telegram-bot,https://github.com/jlmadurga/django-telegram-bot
https://api.github.com/repos/kislyuk/watchtower,https://github.com/kislyuk/watchtower
https://api.github.com/repos/zygmuntz/numer.ai,https://github.com/zygmuntz/numer.ai
https://api.github.com/repos/robinsloan/sentence-space,https://github.com/robinsloan/sentence-space
https://api.github.com/repos/maltize/sublime-text-2-ruby-tests,https://github.com/maltize/sublime-text-2-ruby-tests
https://api.github.com/repos/folz/cleverbot.py,https://github.com/folz/cleverbot.py
https://api.github.com/repos/alanzchen/rm-protection,https://github.com/alanzchen/rm-protection
https://api.github.com/repos/Kindari/SublimeXdebug,https://github.com/Kindari/SublimeXdebug
https://api.github.com/repos/mgaitan/sublime-rst-completion,https://github.com/mgaitan/sublime-rst-completion
https://api.github.com/repos/aichaos/rivescript-python,https://github.com/aichaos/rivescript-python
https://api.github.com/repos/tkisason/unhash,https://github.com/tkisason/unhash
https://api.github.com/repos/tellapart/commandr,https://github.com/tellapart/commandr
https://api.github.com/repos/iniqua/plecost,https://github.com/iniqua/plecost
https://api.github.com/repos/landsat-pds/landsat_ingestor,https://github.com/landsat-pds/landsat_ingestor
https://api.github.com/repos/buntine/SwervinMervin,https://github.com/buntine/SwervinMervin
https://api.github.com/repos/ndfred/xcode-tools,https://github.com/ndfred/xcode-tools
https://api.github.com/repos/SECFORCE/sparta,https://github.com/SECFORCE/sparta
https://api.github.com/repos/scour-project/scour,https://github.com/scour-project/scour
https://api.github.com/repos/sosreport/sos,https://github.com/sosreport/sos
https://api.github.com/repos/odyssomay/paredit,https://github.com/odyssomay/paredit
https://api.github.com/repos/programa-stic/barf-project,https://github.com/programa-stic/barf-project
https://api.github.com/repos/jtauber/blockchain,https://github.com/jtauber/blockchain
https://api.github.com/repos/pywinauto/SWAPY,https://github.com/pywinauto/SWAPY
https://api.github.com/repos/doda/imagy,https://github.com/doda/imagy
https://api.github.com/repos/coldnight/pual_bot,https://github.com/coldnight/pual_bot
https://api.github.com/repos/harvimt/quamash,https://github.com/harvimt/quamash
https://api.github.com/repos/lijiejie/subDomainsBrute,https://github.com/lijiejie/subDomainsBrute
https://api.github.com/repos/aws-samples/aws-lambda-ddns-function,https://github.com/aws-samples/aws-lambda-ddns-function
https://api.github.com/repos/thearn/webcam-pulse-detector,https://github.com/thearn/webcam-pulse-detector
https://api.github.com/repos/samshadwell/TrumpScript,https://github.com/samshadwell/TrumpScript
https://api.github.com/repos/wolever/parameterized,https://github.com/wolever/parameterized
https://api.github.com/repos/csvoss/onelinerizer,https://github.com/csvoss/onelinerizer
https://api.github.com/repos/jbochi/gifstreaming,https://github.com/jbochi/gifstreaming
https://api.github.com/repos/TuSimple/TuSimple-DUC,https://github.com/TuSimple/TuSimple-DUC
https://api.github.com/repos/xiaoxu193/PyTeaser,https://github.com/xiaoxu193/PyTeaser
https://api.github.com/repos/NetSPI/sshkey-grab,https://github.com/NetSPI/sshkey-grab
https://api.github.com/repos/AspenWeb/aspen.py,https://github.com/AspenWeb/aspen.py
https://api.github.com/repos/jfinkels/flask-restless,https://github.com/jfinkels/flask-restless
https://api.github.com/repos/jaspernbrouwer/powerline-gitstatus,https://github.com/jaspernbrouwer/powerline-gitstatus
https://api.github.com/repos/beville/flux_led,https://github.com/beville/flux_led
https://api.github.com/repos/smore-inc/tinys3,https://github.com/smore-inc/tinys3
https://api.github.com/repos/blacktop/virustotal-api,https://github.com/blacktop/virustotal-api
https://api.github.com/repos/upyun/python-sdk,https://github.com/upyun/python-sdk
https://api.github.com/repos/ipfs/py-ipfs-http-client,https://github.com/ipfs/py-ipfs-http-client
https://api.github.com/repos/pimutils/khal,https://github.com/pimutils/khal
https://api.github.com/repos/jarvisteach/appJar,https://github.com/jarvisteach/appJar
https://api.github.com/repos/vinsci/geohash,https://github.com/vinsci/geohash
https://api.github.com/repos/Feiox/useless-websites,https://github.com/Feiox/useless-websites
https://api.github.com/repos/evildmp/Arkestra,https://github.com/evildmp/Arkestra
https://api.github.com/repos/chilcote/outset,https://github.com/chilcote/outset
https://api.github.com/repos/aaugustin/django-sesame,https://github.com/aaugustin/django-sesame
https://api.github.com/repos/andreisavu/mongodb-log,https://github.com/andreisavu/mongodb-log
https://api.github.com/repos/oldj/pyheatmap,https://github.com/oldj/pyheatmap
https://api.github.com/repos/kevinhendricks/KindleUnpack,https://github.com/kevinhendricks/KindleUnpack
https://api.github.com/repos/hkwi/python-geohash,https://github.com/hkwi/python-geohash
https://api.github.com/repos/blockcypher/explorer,https://github.com/blockcypher/explorer
https://api.github.com/repos/webrecorder/webrecorder,https://github.com/webrecorder/webrecorder
https://api.github.com/repos/vegasbrianc/docker-compose-demo,https://github.com/vegasbrianc/docker-compose-demo
https://api.github.com/repos/internetarchive/brozzler,https://github.com/internetarchive/brozzler
https://api.github.com/repos/tildaslash/RatticWeb,https://github.com/tildaslash/RatticWeb
https://api.github.com/repos/kozec/syncthing-gtk,https://github.com/kozec/syncthing-gtk
https://api.github.com/repos/guoguo12/billboard-charts,https://github.com/guoguo12/billboard-charts
https://api.github.com/repos/albertz/music-player,https://github.com/albertz/music-player
https://api.github.com/repos/dbrattli/OSlash,https://github.com/dbrattli/OSlash
https://api.github.com/repos/timonwong/OmniMarkupPreviewer,https://github.com/timonwong/OmniMarkupPreviewer
https://api.github.com/repos/dsoprea/GDriveFS,https://github.com/dsoprea/GDriveFS
https://api.github.com/repos/henrikpersson/rsub,https://github.com/henrikpersson/rsub
https://api.github.com/repos/natasha/natasha,https://github.com/natasha/natasha
https://api.github.com/repos/thebradbain/snapception,https://github.com/thebradbain/snapception
https://api.github.com/repos/silverapp/silver,https://github.com/silverapp/silver
https://api.github.com/repos/jtauber/pyuca,https://github.com/jtauber/pyuca
https://api.github.com/repos/xiyouMc/ncmbot,https://github.com/xiyouMc/ncmbot
https://api.github.com/repos/poise/python,https://github.com/poise/python
https://api.github.com/repos/fnl/segtok,https://github.com/fnl/segtok
https://api.github.com/repos/tednaleid/sublime-EasyMotion,https://github.com/tednaleid/sublime-EasyMotion
https://api.github.com/repos/iCHAIT/moviemon,https://github.com/iCHAIT/moviemon
https://api.github.com/repos/cemoody/wizlang,https://github.com/cemoody/wizlang
https://api.github.com/repos/kornelski/ImageAlpha,https://github.com/kornelski/ImageAlpha
https://api.github.com/repos/iSECPartners/sslyze,https://github.com/iSECPartners/sslyze
https://api.github.com/repos/ego008/saepy-log,https://github.com/ego008/saepy-log
https://api.github.com/repos/s-leger/archipack,https://github.com/s-leger/archipack
https://api.github.com/repos/IndigoResearch/textteaser,https://github.com/IndigoResearch/textteaser
https://api.github.com/repos/hubert3/iSniff-GPS,https://github.com/hubert3/iSniff-GPS
https://api.github.com/repos/OpenTSDB/tcollector,https://github.com/OpenTSDB/tcollector
https://api.github.com/repos/javrasya/django-river,https://github.com/javrasya/django-river
https://api.github.com/repos/moskytw/zipcodetw,https://github.com/moskytw/zipcodetw
https://api.github.com/repos/100/Solid,https://github.com/100/Solid
https://api.github.com/repos/lyst/lightfm,https://github.com/lyst/lightfm
https://api.github.com/repos/StevenBlack/hosts,https://github.com/StevenBlack/hosts
https://api.github.com/repos/DanMcInerney/creds.py,https://github.com/DanMcInerney/creds.py
https://api.github.com/repos/mitsuhiko/unp,https://github.com/mitsuhiko/unp
https://api.github.com/repos/adafruit/Adafruit_Python_PCA9685,https://github.com/adafruit/Adafruit_Python_PCA9685
https://api.github.com/repos/yueyoum/renren-relationship,https://github.com/yueyoum/renren-relationship
https://api.github.com/repos/svanoort/pyresttest,https://github.com/svanoort/pyresttest
https://api.github.com/repos/agermanidis/videodigest,https://github.com/agermanidis/videodigest
https://api.github.com/repos/codebox/markov-text,https://github.com/codebox/markov-text
https://api.github.com/repos/kiibohd/kll,https://github.com/kiibohd/kll
https://api.github.com/repos/thavelick/summarize,https://github.com/thavelick/summarize
https://api.github.com/repos/corelan/mona,https://github.com/corelan/mona
https://api.github.com/repos/aws-samples/ecs-blue-green-deployment,https://github.com/aws-samples/ecs-blue-green-deployment
https://api.github.com/repos/sean-public/python-hashes,https://github.com/sean-public/python-hashes
https://api.github.com/repos/spulec/uncurl,https://github.com/spulec/uncurl
https://api.github.com/repos/ehuss/Sublime-Wrap-Plus,https://github.com/ehuss/Sublime-Wrap-Plus
https://api.github.com/repos/brianray/mm,https://github.com/brianray/mm
https://api.github.com/repos/MagerValp/AutoDMG,https://github.com/MagerValp/AutoDMG
https://api.github.com/repos/ceteri/jem-video,https://github.com/ceteri/jem-video
https://api.github.com/repos/mwclient/mwclient,https://github.com/mwclient/mwclient
https://api.github.com/repos/luiselizondo/docker-mysql-scripts,https://github.com/luiselizondo/docker-mysql-scripts
https://api.github.com/repos/prompt-toolkit/ptpython,https://github.com/prompt-toolkit/ptpython
https://api.github.com/repos/dpkp/kafka-python,https://github.com/dpkp/kafka-python
https://api.github.com/repos/JPCERTCC/aa-tools,https://github.com/JPCERTCC/aa-tools
https://api.github.com/repos/smokeleeteveryday/CTF_WRITEUPS,https://github.com/smokeleeteveryday/CTF_WRITEUPS
https://api.github.com/repos/peterbe/premailer,https://github.com/peterbe/premailer
https://api.github.com/repos/fabioz/mu-repo,https://github.com/fabioz/mu-repo
https://api.github.com/repos/AndroidHooker/hooker,https://github.com/AndroidHooker/hooker
https://api.github.com/repos/ProgVal/Limnoria,https://github.com/ProgVal/Limnoria
https://api.github.com/repos/Cornices/cornice,https://github.com/Cornices/cornice
https://api.github.com/repos/fluentpython/example-code,https://github.com/fluentpython/example-code
https://api.github.com/repos/slgobinath/SafeEyes,https://github.com/slgobinath/SafeEyes
https://api.github.com/repos/k4m4/dymerge,https://github.com/k4m4/dymerge
https://api.github.com/repos/tkrajina/srtm.py,https://github.com/tkrajina/srtm.py
https://api.github.com/repos/elegant-scipy/elegant-scipy,https://github.com/elegant-scipy/elegant-scipy
https://api.github.com/repos/pymedusa/Medusa,https://github.com/pymedusa/Medusa
https://api.github.com/repos/cdhigh/KindleEar,https://github.com/cdhigh/KindleEar
https://api.github.com/repos/taigaio/taiga-ncurses,https://github.com/taigaio/taiga-ncurses
https://api.github.com/repos/danielfm/pybreaker,https://github.com/danielfm/pybreaker
https://api.github.com/repos/dcolish/flask-markdown,https://github.com/dcolish/flask-markdown
https://api.github.com/repos/bbangert/velruse,https://github.com/bbangert/velruse
https://api.github.com/repos/jcjohnson/cnn-benchmarks,https://github.com/jcjohnson/cnn-benchmarks
https://api.github.com/repos/KibodWapon/NoEye,https://github.com/KibodWapon/NoEye
https://api.github.com/repos/torque59/nosqlpot,https://github.com/torque59/nosqlpot
https://api.github.com/repos/asciimoo/exrex,https://github.com/asciimoo/exrex
https://api.github.com/repos/eladhoffer/seq2seq.pytorch,https://github.com/eladhoffer/seq2seq.pytorch
https://api.github.com/repos/pypxe/PyPXE,https://github.com/pypxe/PyPXE
https://api.github.com/repos/rmax/scrapy-redis,https://github.com/rmax/scrapy-redis
https://api.github.com/repos/openstack/hacking,https://github.com/openstack/hacking
https://api.github.com/repos/MeanEYE/Sunflower,https://github.com/MeanEYE/Sunflower
https://api.github.com/repos/HackathonHackers/personal-sites,https://github.com/HackathonHackers/personal-sites
https://api.github.com/repos/trustedsec/meterssh,https://github.com/trustedsec/meterssh
https://api.github.com/repos/FreeCAD/FreeCAD-library,https://github.com/FreeCAD/FreeCAD-library
https://api.github.com/repos/chainer/chainerrl,https://github.com/chainer/chainerrl
https://api.github.com/repos/gfairchild/pyxDamerauLevenshtein,https://github.com/gfairchild/pyxDamerauLevenshtein
https://api.github.com/repos/conda/conda-env,https://github.com/conda/conda-env
https://api.github.com/repos/genotrance/px,https://github.com/genotrance/px
https://api.github.com/repos/nltk/nltk_contrib,https://github.com/nltk/nltk_contrib
https://api.github.com/repos/marcgibbons/django-rest-framework-docs,https://github.com/marcgibbons/django-rest-framework-docs
https://api.github.com/repos/Esri/raster-functions,https://github.com/Esri/raster-functions
https://api.github.com/repos/allegro/vaas,https://github.com/allegro/vaas
https://api.github.com/repos/mongolab/dex,https://github.com/mongolab/dex
https://api.github.com/repos/genome/bam-readcount,https://github.com/genome/bam-readcount
https://api.github.com/repos/jacobian/dj-database-url,https://github.com/jacobian/dj-database-url
https://api.github.com/repos/sensepost/reGeorg,https://github.com/sensepost/reGeorg
https://api.github.com/repos/python-ivi/python-ivi,https://github.com/python-ivi/python-ivi
https://api.github.com/repos/YihangLou/fast-rcnn-train-another-dataset,https://github.com/YihangLou/fast-rcnn-train-another-dataset
https://api.github.com/repos/roger-/pyrtlsdr,https://github.com/roger-/pyrtlsdr
https://api.github.com/repos/gaussic/text-classification-cnn-rnn,https://github.com/gaussic/text-classification-cnn-rnn
https://api.github.com/repos/n0tr00t/Beehive,https://github.com/n0tr00t/Beehive
https://api.github.com/repos/agronholm/sqlacodegen,https://github.com/agronholm/sqlacodegen
https://api.github.com/repos/SublimeLinter/SublimeLinter-eslint,https://github.com/SublimeLinter/SublimeLinter-eslint
https://api.github.com/repos/fossfreedom/alternative-toolbar,https://github.com/fossfreedom/alternative-toolbar
https://api.github.com/repos/ankane/s3tk,https://github.com/ankane/s3tk
https://api.github.com/repos/realriot/ff4d,https://github.com/realriot/ff4d
https://api.github.com/repos/yashaka/selene,https://github.com/yashaka/selene
https://api.github.com/repos/trailofbits/manticore,https://github.com/trailofbits/manticore
https://api.github.com/repos/KoffeinFlummi/Chronyk,https://github.com/KoffeinFlummi/Chronyk
https://api.github.com/repos/williballenthin/process-forest,https://github.com/williballenthin/process-forest
https://api.github.com/repos/Cigaras/IPTV.bundle,https://github.com/Cigaras/IPTV.bundle
https://api.github.com/repos/linkedin/fossor,https://github.com/linkedin/fossor
https://api.github.com/repos/dakrauth/django-swingtime,https://github.com/dakrauth/django-swingtime
https://api.github.com/repos/edsu/pymarc,https://github.com/edsu/pymarc
https://api.github.com/repos/zygmuntz/phraug2,https://github.com/zygmuntz/phraug2
https://api.github.com/repos/GoogleCloudPlatform/gsutil,https://github.com/GoogleCloudPlatform/gsutil
https://api.github.com/repos/pantsbuild/pants,https://github.com/pantsbuild/pants
https://api.github.com/repos/winpython/winpython,https://github.com/winpython/winpython
https://api.github.com/repos/mitsuhiko/python-geoip,https://github.com/mitsuhiko/python-geoip
https://api.github.com/repos/damnever/pigar,https://github.com/damnever/pigar
https://api.github.com/repos/hikaruAi/FacebookBot,https://github.com/hikaruAi/FacebookBot
https://api.github.com/repos/jedie/django-reversion-compare,https://github.com/jedie/django-reversion-compare
https://api.github.com/repos/OsandaMalith/LFiFreak,https://github.com/OsandaMalith/LFiFreak
https://api.github.com/repos/Netflix/repokid,https://github.com/Netflix/repokid
https://api.github.com/repos/spender-sandbox/cuckoo-modified,https://github.com/spender-sandbox/cuckoo-modified
https://api.github.com/repos/cornellius-gp/gpytorch,https://github.com/cornellius-gp/gpytorch
https://api.github.com/repos/kjahan/community,https://github.com/kjahan/community
https://api.github.com/repos/trendrr/whirlwind,https://github.com/trendrr/whirlwind
https://api.github.com/repos/sjl/t,https://github.com/sjl/t
https://api.github.com/repos/Skype4Py/Skype4Py,https://github.com/Skype4Py/Skype4Py
https://api.github.com/repos/justquick/django-activity-stream,https://github.com/justquick/django-activity-stream
https://api.github.com/repos/laramies/metagoofil,https://github.com/laramies/metagoofil
https://api.github.com/repos/PrincetonUniversity/Coursera-SDN,https://github.com/PrincetonUniversity/Coursera-SDN
https://api.github.com/repos/Lasagne/Recipes,https://github.com/Lasagne/Recipes
https://api.github.com/repos/irokez/Pyrus,https://github.com/irokez/Pyrus
https://api.github.com/repos/jdf/processing.py,https://github.com/jdf/processing.py
https://api.github.com/repos/dabeaz/concurrencylive,https://github.com/dabeaz/concurrencylive
https://api.github.com/repos/gvalkov/python-evdev,https://github.com/gvalkov/python-evdev
https://api.github.com/repos/bytefish/facerec,https://github.com/bytefish/facerec
https://api.github.com/repos/udacity/Full-Stack-Foundations,https://github.com/udacity/Full-Stack-Foundations
https://api.github.com/repos/voxpupuli/puppetboard,https://github.com/voxpupuli/puppetboard
https://api.github.com/repos/unixy/varnishtuner.py,https://github.com/unixy/varnishtuner.py
https://api.github.com/repos/jaredks/rumps,https://github.com/jaredks/rumps
https://api.github.com/repos/brendano/tsvutils,https://github.com/brendano/tsvutils
https://api.github.com/repos/leVirve/CrawlerTutorial,https://github.com/leVirve/CrawlerTutorial
https://api.github.com/repos/pycurl/pycurl,https://github.com/pycurl/pycurl
https://api.github.com/repos/mfuentesg/SyncSettings,https://github.com/mfuentesg/SyncSettings
https://api.github.com/repos/mrknow/filmkodi,https://github.com/mrknow/filmkodi
https://api.github.com/repos/NoxArt/SublimeText2-FTPSync,https://github.com/NoxArt/SublimeText2-FTPSync
https://api.github.com/repos/huge-success/sanic,https://github.com/huge-success/sanic
https://api.github.com/repos/stanfordjournalism/search-script-scrape,https://github.com/stanfordjournalism/search-script-scrape
https://api.github.com/repos/legendmohe/LEHome,https://github.com/legendmohe/LEHome
https://api.github.com/repos/etsy/skyline,https://github.com/etsy/skyline
https://api.github.com/repos/CleverProgrammer/cleverprogrammer_stuff,https://github.com/CleverProgrammer/cleverprogrammer_stuff
https://api.github.com/repos/simon-weber/gmusicapi,https://github.com/simon-weber/gmusicapi
https://api.github.com/repos/nipy/nitime,https://github.com/nipy/nitime
https://api.github.com/repos/piglei/uwsgi-sloth,https://github.com/piglei/uwsgi-sloth
https://api.github.com/repos/gwpy/gwpy,https://github.com/gwpy/gwpy
https://api.github.com/repos/ployground/ploy,https://github.com/ployground/ploy
https://api.github.com/repos/defrex/django-after-response,https://github.com/defrex/django-after-response
https://api.github.com/repos/opsschool/curriculum,https://github.com/opsschool/curriculum
https://api.github.com/repos/ecthros/uncaptcha,https://github.com/ecthros/uncaptcha
https://api.github.com/repos/kragen/xcompose,https://github.com/kragen/xcompose
https://api.github.com/repos/BuzzFeedNews/zika-data,https://github.com/BuzzFeedNews/zika-data
https://api.github.com/repos/wangfeng3769/weixin,https://github.com/wangfeng3769/weixin
https://api.github.com/repos/mnick/holographic-embeddings,https://github.com/mnick/holographic-embeddings
https://api.github.com/repos/Pythonity/font-awesome-to-png,https://github.com/Pythonity/font-awesome-to-png
https://api.github.com/repos/coronalabs/CoronaSDK-SublimeText,https://github.com/coronalabs/CoronaSDK-SublimeText
https://api.github.com/repos/hughperkins/pytorch,https://github.com/hughperkins/pytorch
https://api.github.com/repos/xpirt/sdat2img,https://github.com/xpirt/sdat2img
https://api.github.com/repos/jtriley/StarCluster,https://github.com/jtriley/StarCluster
https://api.github.com/repos/Rich5/Keyboard-Walk-Generators,https://github.com/Rich5/Keyboard-Walk-Generators
https://api.github.com/repos/marshmallow-code/apispec,https://github.com/marshmallow-code/apispec
https://api.github.com/repos/vladris/tinkerer,https://github.com/vladris/tinkerer
https://api.github.com/repos/retext-project/retext,https://github.com/retext-project/retext
https://api.github.com/repos/datadesk/django-bakery,https://github.com/datadesk/django-bakery
https://api.github.com/repos/streed/simpleRaft,https://github.com/streed/simpleRaft
https://api.github.com/repos/rcbyron/hey-athena-client,https://github.com/rcbyron/hey-athena-client
https://api.github.com/repos/nccgroup/Winpayloads,https://github.com/nccgroup/Winpayloads
https://api.github.com/repos/ciromattia/kcc,https://github.com/ciromattia/kcc
https://api.github.com/repos/goldsmith/Wikipedia,https://github.com/goldsmith/Wikipedia
https://api.github.com/repos/thornomad/django-hitcount,https://github.com/thornomad/django-hitcount
https://api.github.com/repos/vmware-archive/vsphere-storage-for-docker,https://github.com/vmware-archive/vsphere-storage-for-docker
https://api.github.com/repos/jdavisclark/JsFormat,https://github.com/jdavisclark/JsFormat
https://api.github.com/repos/mfogel/django-simple-email-confirmation,https://github.com/mfogel/django-simple-email-confirmation
https://api.github.com/repos/Robpol86/terminaltables,https://github.com/Robpol86/terminaltables
https://api.github.com/repos/twisted/txmongo,https://github.com/twisted/txmongo
https://api.github.com/repos/conda/constructor,https://github.com/conda/constructor
https://api.github.com/repos/mapbox/mapbox-sdk-py,https://github.com/mapbox/mapbox-sdk-py
https://api.github.com/repos/snoack/python-goto,https://github.com/snoack/python-goto
https://api.github.com/repos/zapier/django-knowledge,https://github.com/zapier/django-knowledge
https://api.github.com/repos/vaanwd/Zeal,https://github.com/vaanwd/Zeal
https://api.github.com/repos/moskytw/mosql,https://github.com/moskytw/mosql
https://api.github.com/repos/jaseg/python-mpv,https://github.com/jaseg/python-mpv
https://api.github.com/repos/openwisp/django-x509,https://github.com/openwisp/django-x509
https://api.github.com/repos/lonetwin/pythonrc,https://github.com/lonetwin/pythonrc
https://api.github.com/repos/alexgorbatchev/node-crc,https://github.com/alexgorbatchev/node-crc
https://api.github.com/repos/tnm/qr,https://github.com/tnm/qr
https://api.github.com/repos/Moodstocks/inception-v3.torch,https://github.com/Moodstocks/inception-v3.torch
https://api.github.com/repos/bryanveloso/geopatterns,https://github.com/bryanveloso/geopatterns
https://api.github.com/repos/phaethon/kamene,https://github.com/phaethon/kamene
https://api.github.com/repos/unix-ninja/shellfire,https://github.com/unix-ninja/shellfire
https://api.github.com/repos/google/macops,https://github.com/google/macops
https://api.github.com/repos/jilljenn/tryalgo,https://github.com/jilljenn/tryalgo
https://api.github.com/repos/djl/vcprompt,https://github.com/djl/vcprompt
https://api.github.com/repos/kevinzakka/hypersearch,https://github.com/kevinzakka/hypersearch
https://api.github.com/repos/Blizzard/heroprotocol,https://github.com/Blizzard/heroprotocol
https://api.github.com/repos/hauntek/python-ngrok,https://github.com/hauntek/python-ngrok
https://api.github.com/repos/brunobord/tdaemon,https://github.com/brunobord/tdaemon
https://api.github.com/repos/iheanyi/bandcamp-dl,https://github.com/iheanyi/bandcamp-dl
https://api.github.com/repos/lanyrd/mysql-postgresql-converter,https://github.com/lanyrd/mysql-postgresql-converter
https://api.github.com/repos/kyper-data/python-highcharts,https://github.com/kyper-data/python-highcharts
https://api.github.com/repos/ffevotte/clang-tags,https://github.com/ffevotte/clang-tags
https://api.github.com/repos/readthedocs/recommonmark,https://github.com/readthedocs/recommonmark
https://api.github.com/repos/jazzband/django-floppyforms,https://github.com/jazzband/django-floppyforms
https://api.github.com/repos/IraKorshunova/folk-rnn,https://github.com/IraKorshunova/folk-rnn
https://api.github.com/repos/DanMcInerney/LANs.py,https://github.com/DanMcInerney/LANs.py
https://api.github.com/repos/bernii/querystring-parser,https://github.com/bernii/querystring-parser
https://api.github.com/repos/NYUCCL/psiTurk,https://github.com/NYUCCL/psiTurk
https://api.github.com/repos/openstack/pbr,https://github.com/openstack/pbr
https://api.github.com/repos/serverstf/python-valve,https://github.com/serverstf/python-valve
https://api.github.com/repos/AvsPmod/AvsPmod,https://github.com/AvsPmod/AvsPmod
https://api.github.com/repos/ask/chishop,https://github.com/ask/chishop
https://api.github.com/repos/buckyroberts/Python-Design-Patterns,https://github.com/buckyroberts/Python-Design-Patterns
https://api.github.com/repos/tmm1/graphite,https://github.com/tmm1/graphite
https://api.github.com/repos/epsylon/xsser,https://github.com/epsylon/xsser
https://api.github.com/repos/tableau/server-client-python,https://github.com/tableau/server-client-python
https://api.github.com/repos/rtshadow/biometrics,https://github.com/rtshadow/biometrics
https://api.github.com/repos/WoLpH/python-progressbar,https://github.com/WoLpH/python-progressbar
https://api.github.com/repos/hanc00l/weblogic_unserialize_exploit,https://github.com/hanc00l/weblogic_unserialize_exploit
https://api.github.com/repos/phobos182/collectd-elasticsearch,https://github.com/phobos182/collectd-elasticsearch
https://api.github.com/repos/alexa-pi/AlexaChipDEPRECATED,https://github.com/alexa-pi/AlexaChipDEPRECATED
https://api.github.com/repos/mrkipling/maraschino,https://github.com/mrkipling/maraschino
https://api.github.com/repos/goldsborough/Writer-Tutorial,https://github.com/goldsborough/Writer-Tutorial
https://api.github.com/repos/Knio/pynmea2,https://github.com/Knio/pynmea2
https://api.github.com/repos/semirook/snaql,https://github.com/semirook/snaql
https://api.github.com/repos/IDSIA/sacred,https://github.com/IDSIA/sacred
https://api.github.com/repos/mvexel/overpass-api-python-wrapper,https://github.com/mvexel/overpass-api-python-wrapper
https://api.github.com/repos/sjvasquez/instacart-basket-prediction,https://github.com/sjvasquez/instacart-basket-prediction
https://api.github.com/repos/x64dbg/docs,https://github.com/x64dbg/docs
https://api.github.com/repos/pfalcon/ScratchABit,https://github.com/pfalcon/ScratchABit
https://api.github.com/repos/smbaker/pynest,https://github.com/smbaker/pynest
https://api.github.com/repos/eclipse/paho.mqtt.python,https://github.com/eclipse/paho.mqtt.python
https://api.github.com/repos/hardikvasa/google-images-download,https://github.com/hardikvasa/google-images-download
https://api.github.com/repos/closeio/flask-mongorest,https://github.com/closeio/flask-mongorest
https://api.github.com/repos/arvinddoraiswamy/mywebappscripts,https://github.com/arvinddoraiswamy/mywebappscripts
https://api.github.com/repos/rtheunissen/foobar,https://github.com/rtheunissen/foobar
https://api.github.com/repos/joshvillbrandt/GoProController,https://github.com/joshvillbrandt/GoProController
https://api.github.com/repos/sch3m4/pyadb,https://github.com/sch3m4/pyadb
https://api.github.com/repos/armadaplatform/armada,https://github.com/armadaplatform/armada
https://api.github.com/repos/scikit-hep/uproot,https://github.com/scikit-hep/uproot
https://api.github.com/repos/erikbern/ann-benchmarks,https://github.com/erikbern/ann-benchmarks
https://api.github.com/repos/jrief/django-sass-processor,https://github.com/jrief/django-sass-processor
https://api.github.com/repos/JinnLynn/alfred-workflows,https://github.com/JinnLynn/alfred-workflows
https://api.github.com/repos/HDFGroup/hdf-compass,https://github.com/HDFGroup/hdf-compass
https://api.github.com/repos/scheibler/khard,https://github.com/scheibler/khard
https://api.github.com/repos/hozn/stravalib,https://github.com/hozn/stravalib
https://api.github.com/repos/0x27/GitPass,https://github.com/0x27/GitPass
https://api.github.com/repos/Komodo/KomodoEdit,https://github.com/Komodo/KomodoEdit
https://api.github.com/repos/sebdah/dynamic-dynamodb,https://github.com/sebdah/dynamic-dynamodb
https://api.github.com/repos/KoreLogicSecurity/mastiff,https://github.com/KoreLogicSecurity/mastiff
https://api.github.com/repos/pageauc/pi-timolo,https://github.com/pageauc/pi-timolo
https://api.github.com/repos/dulwich/dulwich,https://github.com/dulwich/dulwich
https://api.github.com/repos/Marginal/EDMarketConnector,https://github.com/Marginal/EDMarketConnector
https://api.github.com/repos/bhuztez/lift,https://github.com/bhuztez/lift
https://api.github.com/repos/devttys0/wps,https://github.com/devttys0/wps
https://api.github.com/repos/mmatuson/SchemaSync,https://github.com/mmatuson/SchemaSync
https://api.github.com/repos/Netflix-Skunkworks/zerotodocker,https://github.com/Netflix-Skunkworks/zerotodocker
https://api.github.com/repos/meibenjin/GoogleSearchCrawler,https://github.com/meibenjin/GoogleSearchCrawler
https://api.github.com/repos/robdmc/behold,https://github.com/robdmc/behold
https://api.github.com/repos/emaste-r/pyqiniu,https://github.com/emaste-r/pyqiniu
https://api.github.com/repos/urbenlegend/netimpair,https://github.com/urbenlegend/netimpair
https://api.github.com/repos/mixcloud/django-speedbar,https://github.com/mixcloud/django-speedbar
https://api.github.com/repos/philipperemy/Stanford-OpenIE-Python,https://github.com/philipperemy/Stanford-OpenIE-Python
https://api.github.com/repos/LudovicRousseau/pyscard,https://github.com/LudovicRousseau/pyscard
https://api.github.com/repos/MentatInnovations/datastream.io,https://github.com/MentatInnovations/datastream.io
https://api.github.com/repos/y0ast/Variational-Autoencoder,https://github.com/y0ast/Variational-Autoencoder
https://api.github.com/repos/micahhausler/container-transform,https://github.com/micahhausler/container-transform
https://api.github.com/repos/gak/pycallgraph,https://github.com/gak/pycallgraph
https://api.github.com/repos/alex/django-templatetag-sugar,https://github.com/alex/django-templatetag-sugar
https://api.github.com/repos/TheEnigmaBlade/holo,https://github.com/TheEnigmaBlade/holo
https://api.github.com/repos/astraw/stdeb,https://github.com/astraw/stdeb
https://api.github.com/repos/carya/Util,https://github.com/carya/Util
https://api.github.com/repos/xiaomi-sa/smartdns,https://github.com/xiaomi-sa/smartdns
https://api.github.com/repos/ceph/s3-tests,https://github.com/ceph/s3-tests
https://api.github.com/repos/click-contrib/click-completion,https://github.com/click-contrib/click-completion
https://api.github.com/repos/xolox/python-coloredlogs,https://github.com/xolox/python-coloredlogs
https://api.github.com/repos/AnimeshShaw/Hash-Algorithm-Identifier,https://github.com/AnimeshShaw/Hash-Algorithm-Identifier
https://api.github.com/repos/python-gitlab/python-gitlab,https://github.com/python-gitlab/python-gitlab
https://api.github.com/repos/rdegges/simpleq,https://github.com/rdegges/simpleq
https://api.github.com/repos/uber-research/deep-neuroevolution,https://github.com/uber-research/deep-neuroevolution
https://api.github.com/repos/bradleyfay/py-Goldsberry,https://github.com/bradleyfay/py-Goldsberry
https://api.github.com/repos/rc0r/afl-utils,https://github.com/rc0r/afl-utils
https://api.github.com/repos/xdavidhu/probeSniffer,https://github.com/xdavidhu/probeSniffer
https://api.github.com/repos/cocos2d/cocos2d-x-samples,https://github.com/cocos2d/cocos2d-x-samples
https://api.github.com/repos/ironman5366/W.I.L.L,https://github.com/ironman5366/W.I.L.L
https://api.github.com/repos/buckyroberts/Ella,https://github.com/buckyroberts/Ella
https://api.github.com/repos/alerta/alerta,https://github.com/alerta/alerta
https://api.github.com/repos/jonashaag/klaus,https://github.com/jonashaag/klaus
https://api.github.com/repos/python/typeshed,https://github.com/python/typeshed
https://api.github.com/repos/nasa-jpl-memex/memex-explorer,https://github.com/nasa-jpl-memex/memex-explorer
https://api.github.com/repos/markokr/rarfile,https://github.com/markokr/rarfile
https://api.github.com/repos/virtuald/pyhcl,https://github.com/virtuald/pyhcl
https://api.github.com/repos/psd-tools/psd-tools,https://github.com/psd-tools/psd-tools
https://api.github.com/repos/JacquesLucke/animation_nodes,https://github.com/JacquesLucke/animation_nodes
https://api.github.com/repos/Yelp/bravado,https://github.com/Yelp/bravado
https://api.github.com/repos/h2non/pook,https://github.com/h2non/pook
https://api.github.com/repos/gbrindisi/xsssniper,https://github.com/gbrindisi/xsssniper
https://api.github.com/repos/sqreen/PyMiniRacer,https://github.com/sqreen/PyMiniRacer
https://api.github.com/repos/PokemonGoF/PokemonGo-Bot,https://github.com/PokemonGoF/PokemonGo-Bot
https://api.github.com/repos/BIDS/colormap,https://github.com/BIDS/colormap
https://api.github.com/repos/jeztek/deadchat,https://github.com/jeztek/deadchat
https://api.github.com/repos/wting/autojump,https://github.com/wting/autojump
https://api.github.com/repos/vincenting/weChat-python-sdk,https://github.com/vincenting/weChat-python-sdk
https://api.github.com/repos/wolever/pprintpp,https://github.com/wolever/pprintpp
https://api.github.com/repos/singularity/singularity,https://github.com/singularity/singularity
https://api.github.com/repos/ejwa/gitinspector,https://github.com/ejwa/gitinspector
https://api.github.com/repos/trustedsec/ridenum,https://github.com/trustedsec/ridenum
https://api.github.com/repos/minrk/ipython_extensions,https://github.com/minrk/ipython_extensions
https://api.github.com/repos/simoncadman/CUPS-Cloud-Print,https://github.com/simoncadman/CUPS-Cloud-Print
https://api.github.com/repos/pimoroni/displayotron,https://github.com/pimoroni/displayotron
https://api.github.com/repos/Alephbet/gimel,https://github.com/Alephbet/gimel
https://api.github.com/repos/agermanidis/TranscriptBot,https://github.com/agermanidis/TranscriptBot
https://api.github.com/repos/infodox/exploits,https://github.com/infodox/exploits
https://api.github.com/repos/kivy/kivent,https://github.com/kivy/kivent
https://api.github.com/repos/Chris7/django-djangui,https://github.com/Chris7/django-djangui
https://api.github.com/repos/emirozer/fake2db,https://github.com/emirozer/fake2db
https://api.github.com/repos/andreasjansson/envtpl,https://github.com/andreasjansson/envtpl
https://api.github.com/repos/maqp/tfc,https://github.com/maqp/tfc
https://api.github.com/repos/dthpham/butterflow,https://github.com/dthpham/butterflow
https://api.github.com/repos/luckydonald/pytg,https://github.com/luckydonald/pytg
https://api.github.com/repos/jvantuyl/sublime_diagram_plugin,https://github.com/jvantuyl/sublime_diagram_plugin
https://api.github.com/repos/perenecabuto/json_schema_generator,https://github.com/perenecabuto/json_schema_generator
https://api.github.com/repos/joe011/python,https://github.com/joe011/python
https://api.github.com/repos/osnr/horrifying-pdf-experiments,https://github.com/osnr/horrifying-pdf-experiments
https://api.github.com/repos/nyaruka/smartmin,https://github.com/nyaruka/smartmin
https://api.github.com/repos/wecite/papers,https://github.com/wecite/papers
https://api.github.com/repos/fqrouter/fqsocks,https://github.com/fqrouter/fqsocks
https://api.github.com/repos/munificent/vigil,https://github.com/munificent/vigil
https://api.github.com/repos/USArmyResearchLab/Dshell,https://github.com/USArmyResearchLab/Dshell
https://api.github.com/repos/alibaba/gym-starcraft,https://github.com/alibaba/gym-starcraft
https://api.github.com/repos/nst/objc_dep,https://github.com/nst/objc_dep
https://api.github.com/repos/satanas/Turpial,https://github.com/satanas/Turpial
https://api.github.com/repos/csch0/SublimeText-Package-Syncing,https://github.com/csch0/SublimeText-Package-Syncing
https://api.github.com/repos/trustedsec/spraywmi,https://github.com/trustedsec/spraywmi
https://api.github.com/repos/brodie/cram,https://github.com/brodie/cram
https://api.github.com/repos/TomasTomecek/sen,https://github.com/TomasTomecek/sen
https://api.github.com/repos/CriticMarkup/CriticMarkup-toolkit,https://github.com/CriticMarkup/CriticMarkup-toolkit
https://api.github.com/repos/ianmiell/shutit,https://github.com/ianmiell/shutit
https://api.github.com/repos/man-group/arctic,https://github.com/man-group/arctic
https://api.github.com/repos/getting-things-gnome/gtg,https://github.com/getting-things-gnome/gtg
https://api.github.com/repos/mocobeta/janome,https://github.com/mocobeta/janome
https://api.github.com/repos/alienhard/SublimeAllAutocomplete,https://github.com/alienhard/SublimeAllAutocomplete
https://api.github.com/repos/Veil-Framework/Veil-Evasion,https://github.com/Veil-Framework/Veil-Evasion
